Player,year,round,team,opponent,Disposals,Kicks,Handballs,Goals,Behinds,Marks,Clearances,Tackles,Contested Possessions,Uncontested Possessions,Hit Outs,Contested Marks,Marks Inside 50,Goal Assists,Frees,Frees Against,Inside 50s,Rebounds,% Played,Subs,Clangers,One Percenters,Bounces,Brownlow Votes
"Bock, Nathan",2009,R1,adelaide,CW,22.0,15.0,7.0,1.0,0.0,5.0,0.0,1.0,4.0,17.0,0.0,0.0,0.0,0.0,1.0,0.0,3.0,3.0,94,,0.0,2.0,5.0,0.0
"Burton, Brett",2009,R1,adelaide,CW,,,,,,,,,,,,,,,,,,,,,,,,
"Cook, Myke",2009,R1,adelaide,CW,11.0,4.0,7.0,0.0,1.0,3.0,1.0,3.0,3.0,8.0,0.0,1.0,1.0,0.0,0.0,1.0,2.0,1.0,71,,1.0,0.0,0.0,0.0
"Dangerfield, Patrick",2009,R1,adelaide,CW,15.0,6.0,9.0,1.0,1.0,4.0,3.0,3.0,6.0,9.0,0.0,1.0,0.0,0.0,1.0,0.0,2.0,2.0,68,,1.0,0.0,0.0,0.0
"Doughty, Michael",2009,R1,adelaide,CW,16.0,5.0,11.0,0.0,0.0,8.0,1.0,2.0,3.0,14.0,0.0,0.0,0.0,0.0,1.0,0.0,1.0,2.0,80,,1.0,1.0,0.0,0.0
"Douglas, Richard",2009,R1,adelaide,CW,14.0,7.0,7.0,1.0,0.0,4.0,2.0,0.0,6.0,7.0,0.0,1.0,1.0,2.0,1.0,1.0,2.0,0.0,71,,2.0,1.0,2.0,0.0
"Edwards, Tyson",2009,R1,adelaide,CW,28.0,20.0,8.0,0.0,2.0,10.0,1.0,4.0,2.0,26.0,2.0,0.0,1.0,1.0,1.0,0.0,6.0,4.0,89,,0.0,3.0,5.0,2.0
"Gill, Nick",2009,R1,adelaide,CW,,,,,,,,,,,,,,,,,,,,,,,,
"Goodwin, Simon",2009,R1,adelaide,CW,29.0,9.0,20.0,0.0,0.0,6.0,4.0,1.0,8.0,19.0,0.0,0.0,0.0,0.0,1.0,0.0,2.0,2.0,86,,0.0,1.0,0.0,0.0
"Griffin, Jonathon",2009,R1,adelaide,CW,,,,,,,,,,,,,,,,,,,,,,,,
"Hentschel, Trent",2009,R1,adelaide,CW,11.0,8.0,3.0,0.0,0.0,4.0,0.0,1.0,2.0,9.0,0.0,0.0,0.0,2.0,0.0,0.0,2.0,0.0,92,,0.0,1.0,0.0,0.0
"Johncock, Graham",2009,R1,adelaide,CW,,,,,,,,,,,,,,,,,,,,,,,,
"Knights, Chris",2009,R1,adelaide,CW,26.0,11.0,15.0,1.0,1.0,4.0,2.0,3.0,7.0,20.0,1.0,0.0,0.0,0.0,1.0,2.0,7.0,1.0,76,,3.0,1.0,1.0,0.0
"Mackay, David",2009,R1,adelaide,CW,17.0,6.0,11.0,0.0,0.0,3.0,2.0,3.0,6.0,11.0,0.0,0.0,0.0,0.0,0.0,1.0,3.0,1.0,85,,1.0,1.0,3.0,0.0
"Maric, Ivan",2009,R1,adelaide,CW,11.0,2.0,9.0,0.0,1.0,3.0,1.0,1.0,3.0,7.0,21.0,0.0,1.0,0.0,0.0,1.0,0.0,0.0,71,,1.0,1.0,0.0,0.0
"Martin, Brodie",2009,R1,adelaide,CW,,,,,,,,,,,,,,,,,,,,,,,,
"McKernan, Shaun",2009,R1,adelaide,CW,,,,,,,,,,,,,,,,,,,,,,,,
"McLeod, Andrew",2009,R1,adelaide,CW,30.0,25.0,5.0,0.0,1.0,5.0,1.0,2.0,4.0,25.0,0.0,0.0,1.0,1.0,0.0,0.0,5.0,7.0,92,,3.0,0.0,4.0,0.0
"Moran, Brad",2009,R1,adelaide,CW,,,,,,,,,,,,,,,,,,,,,,,,
"Otten, Andy",2009,R1,adelaide,CW,19.0,7.0,12.0,0.0,0.0,6.0,0.0,1.0,5.0,13.0,0.0,1.0,0.0,0.0,2.0,0.0,2.0,2.0,94,,1.0,4.0,2.0,0.0
"Petrenko, Jared",2009,R1,adelaide,CW,15.0,8.0,7.0,1.0,0.0,4.0,1.0,3.0,6.0,9.0,0.0,0.0,1.0,1.0,1.0,1.0,2.0,2.0,79,,3.0,2.0,1.0,0.0
"Porplyzia, Jason",2009,R1,adelaide,CW,17.0,7.0,10.0,2.0,0.0,2.0,1.0,2.0,9.0,8.0,0.0,1.0,1.0,0.0,1.0,0.0,2.0,0.0,84,,2.0,3.0,0.0,0.0
"Reilly, Brent",2009,R1,adelaide,CW,17.0,6.0,11.0,0.0,0.0,2.0,3.0,4.0,6.0,11.0,0.0,0.0,0.0,0.0,1.0,2.0,1.0,1.0,84,,3.0,0.0,2.0,0.0
"Rutten, Ben",2009,R1,adelaide,CW,14.0,4.0,10.0,0.0,0.0,5.0,0.0,1.0,5.0,9.0,0.0,0.0,0.0,0.0,0.0,0.0,0.0,1.0,96,,0.0,8.0,2.0,0.0
"Sellar, James",2009,R1,adelaide,CW,,,,,,,,,,,,,,,,,,,,,,,,
"Shirley, Robert",2009,R1,adelaide,CW,,,,,,,,,,,,,,,,,,,,,,,,
"Sloane, Rory",2009,R1,adelaide,CW,,,,,,,,,,,,,,,,,,,,,,,,
"Stevens, Scott",2009,R1,adelaide,CW,11.0,9.0,2.0,3.0,1.0,6.0,1.0,0.0,6.0,4.0,1.0,3.0,2.0,1.0,1.0,0.0,1.0,1.0,93,,0.0,1.0,0.0,0.0
"Symes, Brad",2009,R1,adelaide,CW,,,,,,,,,,,,,,,,,,,,,,,,
"Thompson, Scott",2009,R1,adelaide,CW,,,,,,,,,,,,,,,,,,,,,,,,
"Tippett, Kurt",2009,R1,adelaide,CW,9.0,4.0,5.0,0.0,2.0,1.0,3.0,1.0,6.0,4.0,9.0,0.0,1.0,0.0,1.0,4.0,0.0,1.0,61,,6.0,0.0,0.0,0.0
"Vince, Bernie",2009,R1,adelaide,CW,33.0,17.0,16.0,0.0,1.0,11.0,4.0,3.0,7.0,26.0,0.0,0.0,0.0,0.0,2.0,0.0,6.0,0.0,85,,5.0,0.0,0.0,3.0
"Walker, Taylor",2009,R1,adelaide,CW,5.0,4.0,1.0,1.0,0.0,3.0,0.0,2.0,1.0,4.0,0.0,1.0,2.0,0.0,0.0,0.0,0.0,0.0,62,,0.0,0.0,0.0,0.0
"van Berlo, Nathan",2009,R1,adelaide,CW,21.0,10.0,11.0,2.0,0.0,7.0,0.0,3.0,6.0,15.0,0.0,1.0,0.0,0.0,2.0,1.0,2.0,0.0,87,,3.0,0.0,1.0,0.0
"Bock, Nathan",2009,R2,adelaide,SK,29.0,11.0,18.0,0.0,0.0,8.0,0.0,2.0,2.0,26.0,0.0,1.0,0.0,0.0,0.0,2.0,0.0,2.0,98,,3.0,1.0,1.0,0.0
"Burton, Brett",2009,R2,adelaide,SK,,,,,,,,,,,,,,,,,,,,,,,,
"Cook, Myke",2009,R2,adelaide,SK,,,,,,,,,,,,,,,,,,,,,,,,
"Dangerfield, Patrick",2009,R2,adelaide,SK,15.0,3.0,12.0,0.0,0.0,4.0,3.0,0.0,7.0,9.0,0.0,0.0,0.0,0.0,0.0,0.0,0.0,0.0,59,,1.0,1.0,0.0,0.0
"Doughty, Michael",2009,R2,adelaide,SK,23.0,9.0,14.0,0.0,0.0,8.0,2.0,2.0,5.0,18.0,2.0,0.0,0.0,0.0,0.0,1.0,1.0,1.0,82,,2.0,3.0,0.0,0.0
"Douglas, Richard",2009,R2,adelaide,SK,9.0,4.0,5.0,0.0,2.0,1.0,1.0,5.0,5.0,4.0,0.0,0.0,0.0,1.0,2.0,3.0,0.0,0.0,72,,3.0,0.0,0.0,0.0
"Edwards, Tyson",2009,R2,adelaide,SK,29.0,16.0,13.0,0.0,1.0,2.0,5.0,4.0,7.0,23.0,0.0,0.0,1.0,2.0,1.0,2.0,3.0,3.0,92,,4.0,3.0,0.0,0.0
"Gill, Nick",2009,R2,adelaide,SK,,,,,,,,,,,,,,,,,,,,,,,,
"Goodwin, Simon",2009,R2,adelaide,SK,26.0,13.0,13.0,0.0,0.0,10.0,1.0,1.0,6.0,21.0,0.0,2.0,0.0,0.0,1.0,2.0,0.0,6.0,92,,3.0,0.0,0.0,0.0
"Griffin, Jonathon",2009,R2,adelaide,SK,,,,,,,,,,,,,,,,,,,,,,,,
"Hentschel, Trent",2009,R2,adelaide,SK,5.0,4.0,1.0,1.0,0.0,2.0,0.0,0.0,3.0,2.0,0.0,1.0,1.0,0.0,1.0,0.0,1.0,0.0,29,,2.0,1.0,0.0,0.0
"Johncock, Graham",2009,R2,adelaide,SK,22.0,13.0,9.0,0.0,0.0,8.0,1.0,3.0,4.0,17.0,0.0,0.0,0.0,0.0,1.0,0.0,2.0,5.0,91,,0.0,2.0,0.0,0.0
"Knights, Chris",2009,R2,adelaide,SK,20.0,6.0,14.0,0.0,0.0,4.0,1.0,2.0,7.0,13.0,0.0,0.0,0.0,2.0,0.0,3.0,2.0,1.0,84,,6.0,1.0,3.0,0.0
"Mackay, David",2009,R2,adelaide,SK,19.0,7.0,12.0,0.0,0.0,6.0,2.0,3.0,5.0,13.0,0.0,0.0,0.0,0.0,0.0,0.0,4.0,1.0,79,,1.0,1.0,1.0,0.0
"Maric, Ivan",2009,R2,adelaide,SK,13.0,5.0,8.0,1.0,0.0,6.0,1.0,6.0,7.0,6.0,25.0,3.0,1.0,0.0,0.0,5.0,1.0,0.0,87,,7.0,3.0,0.0,0.0
"Martin, Brodie",2009,R2,adelaide,SK,,,,,,,,,,,,,,,,,,,,,,,,
"McKernan, Shaun",2009,R2,adelaide,SK,,,,,,,,,,,,,,,,,,,,,,,,
"McLeod, Andrew",2009,R2,adelaide,SK,18.0,11.0,7.0,0.0,0.0,1.0,1.0,1.0,2.0,15.0,0.0,0.0,1.0,1.0,0.0,1.0,2.0,4.0,89,,3.0,2.0,3.0,0.0
"Moran, Brad",2009,R2,adelaide,SK,,,,,,,,,,,,,,,,,,,,,,,,
"Otten, Andy",2009,R2,adelaide,SK,19.0,8.0,11.0,0.0,0.0,5.0,0.0,4.0,5.0,15.0,0.0,0.0,0.0,0.0,1.0,2.0,2.0,1.0,86,,3.0,7.0,0.0,0.0
"Petrenko, Jared",2009,R2,adelaide,SK,18.0,7.0,11.0,0.0,0.0,3.0,2.0,3.0,2.0,14.0,0.0,0.0,0.0,0.0,0.0,2.0,1.0,4.0,63,,3.0,4.0,1.0,0.0
"Porplyzia, Jason",2009,R2,adelaide,SK,16.0,8.0,8.0,3.0,0.0,2.0,2.0,5.0,7.0,9.0,0.0,1.0,2.0,0.0,0.0,0.0,0.0,0.0,100,,3.0,4.0,0.0,1.0
"Reilly, Brent",2009,R2,adelaide,SK,20.0,9.0,11.0,0.0,0.0,2.0,1.0,1.0,5.0,13.0,0.0,0.0,0.0,0.0,0.0,0.0,4.0,0.0,86,,0.0,1.0,4.0,0.0
"Rutten, Ben",2009,R2,adelaide,SK,14.0,4.0,10.0,0.0,0.0,6.0,0.0,0.0,5.0,9.0,0.0,1.0,0.0,0.0,0.0,1.0,0.0,1.0,100,,1.0,2.0,1.0,0.0
"Sellar, James",2009,R2,adelaide,SK,,,,,,,,,,,,,,,,,,,,,,,,
"Shirley, Robert",2009,R2,adelaide,SK,,,,,,,,,,,,,,,,,,,,,,,,
"Sloane, Rory",2009,R2,adelaide,SK,,,,,,,,,,,,,,,,,,,,,,,,
"Stevens, Scott",2009,R2,adelaide,SK,,,,,,,,,,,,,,,,,,,,,,,,
"Symes, Brad",2009,R2,adelaide,SK,,,,,,,,,,,,,,,,,,,,,,,,
"Thompson, Scott",2009,R2,adelaide,SK,27.0,10.0,17.0,0.0,0.0,7.0,3.0,3.0,8.0,19.0,1.0,0.0,1.0,0.0,0.0,1.0,4.0,0.0,84,,3.0,0.0,0.0,0.0
"Tippett, Kurt",2009,R2,adelaide,SK,11.0,5.0,6.0,3.0,0.0,2.0,0.0,2.0,7.0,4.0,9.0,1.0,1.0,0.0,2.0,2.0,0.0,0.0,88,,3.0,2.0,0.0,0.0
"Vince, Bernie",2009,R2,adelaide,SK,19.0,9.0,10.0,1.0,0.0,2.0,3.0,4.0,8.0,11.0,0.0,0.0,0.0,0.0,1.0,2.0,2.0,2.0,83,,6.0,2.0,0.0,0.0
"Walker, Taylor",2009,R2,adelaide,SK,8.0,7.0,1.0,1.0,3.0,2.0,0.0,3.0,4.0,4.0,0.0,1.0,1.0,0.0,1.0,1.0,3.0,0.0,77,,2.0,0.0,0.0,0.0
"van Berlo, Nathan",2009,R2,adelaide,SK,23.0,9.0,14.0,0.0,0.0,6.0,2.0,2.0,4.0,19.0,0.0,0.0,0.0,0.0,0.0,0.0,3.0,1.0,80,,0.0,1.0,1.0,0.0
"Bock, Nathan",2009,R3,adelaide,FR,,,,,,,,,,,,,,,,,,,,,,,,
"Burton, Brett",2009,R3,adelaide,FR,,,,,,,,,,,,,,,,,,,,,,,,
"Cook, Myke",2009,R3,adelaide,FR,,,,,,,,,,,,,,,,,,,,,,,,
"Dangerfield, Patrick",2009,R3,adelaide,FR,20.0,9.0,11.0,1.0,1.0,3.0,5.0,3.0,9.0,10.0,0.0,0.0,1.0,1.0,1.0,2.0,5.0,0.0,74,,3.0,1.0,4.0,0.0
"Doughty, Michael",2009,R3,adelaide,FR,21.0,11.0,10.0,0.0,0.0,7.0,1.0,5.0,5.0,17.0,0.0,0.0,0.0,2.0,1.0,0.0,8.0,0.0,84,,1.0,2.0,1.0,0.0
"Douglas, Richard",2009,R3,adelaide,FR,17.0,9.0,8.0,1.0,2.0,5.0,1.0,4.0,7.0,10.0,0.0,1.0,1.0,1.0,1.0,0.0,1.0,2.0,73,,1.0,1.0,0.0,3.0
"Edwards, Tyson",2009,R3,adelaide,FR,22.0,11.0,11.0,1.0,0.0,5.0,1.0,3.0,5.0,16.0,1.0,0.0,0.0,0.0,0.0,1.0,4.0,0.0,92,,3.0,3.0,5.0,0.0
"Gill, Nick",2009,R3,adelaide,FR,12.0,5.0,7.0,1.0,2.0,3.0,1.0,1.0,3.0,9.0,0.0,0.0,1.0,1.0,1.0,1.0,1.0,1.0,77,,3.0,1.0,0.0,0.0
"Goodwin, Simon",2009,R3,adelaide,FR,20.0,6.0,14.0,0.0,0.0,2.0,0.0,0.0,4.0,16.0,0.0,0.0,0.0,2.0,0.0,0.0,3.0,2.0,92,,0.0,1.0,3.0,0.0
"Griffin, Jonathon",2009,R3,adelaide,FR,,,,,,,,,,,,,,,,,,,,,,,,
"Hentschel, Trent",2009,R3,adelaide,FR,,,,,,,,,,,,,,,,,,,,,,,,
"Johncock, Graham",2009,R3,adelaide,FR,16.0,8.0,8.0,0.0,0.0,5.0,0.0,4.0,4.0,11.0,0.0,0.0,0.0,0.0,1.0,1.0,1.0,4.0,95,,3.0,2.0,1.0,0.0
"Knights, Chris",2009,R3,adelaide,FR,,,,,,,,,,,,,,,,,,,,,,,,
"Mackay, David",2009,R3,adelaide,FR,19.0,7.0,12.0,0.0,0.0,2.0,6.0,2.0,6.0,12.0,1.0,0.0,0.0,0.0,0.0,0.0,5.0,0.0,82,,2.0,0.0,8.0,0.0
"Maric, Ivan",2009,R3,adelaide,FR,10.0,1.0,9.0,0.0,0.0,3.0,4.0,2.0,5.0,5.0,11.0,0.0,0.0,0.0,0.0,4.0,1.0,0.0,76,,4.0,2.0,0.0,0.0
"Martin, Brodie",2009,R3,adelaide,FR,,,,,,,,,,,,,,,,,,,,,,,,
"McKernan, Shaun",2009,R3,adelaide,FR,,,,,,,,,,,,,,,,,,,,,,,,
"McLeod, Andrew",2009,R3,adelaide,FR,17.0,12.0,5.0,1.0,0.0,2.0,2.0,0.0,6.0,11.0,0.0,0.0,0.0,1.0,2.0,0.0,8.0,0.0,97,,2.0,0.0,2.0,0.0
"Moran, Brad",2009,R3,adelaide,FR,,,,,,,,,,,,,,,,,,,,,,,,
"Otten, Andy",2009,R3,adelaide,FR,20.0,5.0,15.0,0.0,0.0,4.0,2.0,4.0,4.0,15.0,0.0,0.0,0.0,0.0,0.0,0.0,1.0,0.0,95,,0.0,3.0,1.0,0.0
"Petrenko, Jared",2009,R3,adelaide,FR,14.0,4.0,10.0,0.0,1.0,4.0,0.0,2.0,3.0,11.0,0.0,1.0,0.0,0.0,0.0,0.0,2.0,2.0,82,,1.0,3.0,5.0,0.0
"Porplyzia, Jason",2009,R3,adelaide,FR,12.0,7.0,5.0,4.0,0.0,5.0,1.0,2.0,4.0,8.0,0.0,0.0,3.0,0.0,0.0,2.0,0.0,1.0,93,,3.0,2.0,0.0,0.0
"Reilly, Brent",2009,R3,adelaide,FR,22.0,10.0,12.0,0.0,0.0,5.0,0.0,1.0,1.0,21.0,1.0,0.0,0.0,0.0,0.0,1.0,2.0,3.0,90,,4.0,3.0,2.0,0.0
"Rutten, Ben",2009,R3,adelaide,FR,16.0,9.0,7.0,0.0,0.0,7.0,0.0,0.0,3.0,13.0,0.0,1.0,0.0,0.0,0.0,0.0,0.0,1.0,100,,0.0,4.0,0.0,0.0
"Sellar, James",2009,R3,adelaide,FR,,,,,,,,,,,,,,,,,,,,,,,,
"Shirley, Robert",2009,R3,adelaide,FR,,,,,,,,,,,,,,,,,,,,,,,,
"Sloane, Rory",2009,R3,adelaide,FR,,,,,,,,,,,,,,,,,,,,,,,,
"Stevens, Scott",2009,R3,adelaide,FR,3.0,3.0,0.0,0.0,0.0,3.0,0.0,1.0,1.0,2.0,0.0,1.0,1.0,1.0,0.0,1.0,1.0,1.0,37,,4.0,1.0,0.0,0.0
"Symes, Brad",2009,R3,adelaide,FR,19.0,10.0,9.0,1.0,1.0,4.0,1.0,7.0,4.0,16.0,4.0,0.0,0.0,0.0,0.0,2.0,1.0,3.0,74,,3.0,2.0,0.0,0.0
"Thompson, Scott",2009,R3,adelaide,FR,22.0,7.0,15.0,0.0,0.0,5.0,4.0,3.0,8.0,15.0,0.0,1.0,0.0,1.0,2.0,1.0,4.0,1.0,90,,2.0,2.0,0.0,0.0
"Tippett, Kurt",2009,R3,adelaide,FR,11.0,7.0,4.0,1.0,1.0,3.0,3.0,2.0,7.0,5.0,12.0,2.0,2.0,1.0,3.0,4.0,0.0,1.0,76,,6.0,1.0,0.0,2.0
"Vince, Bernie",2009,R3,adelaide,FR,21.0,11.0,10.0,0.0,0.0,6.0,4.0,3.0,7.0,14.0,0.0,0.0,0.0,0.0,1.0,1.0,2.0,2.0,77,,2.0,1.0,0.0,0.0
"Walker, Taylor",2009,R3,adelaide,FR,12.0,10.0,2.0,3.0,3.0,8.0,1.0,2.0,5.0,8.0,0.0,1.0,5.0,1.0,1.0,1.0,2.0,0.0,67,,5.0,1.0,0.0,0.0
"van Berlo, Nathan",2009,R3,adelaide,FR,22.0,10.0,12.0,1.0,1.0,4.0,1.0,4.0,8.0,14.0,1.0,0.0,1.0,0.0,1.0,2.0,3.0,1.0,76,,6.0,1.0,1.0,0.0
"Bock, Nathan",2009,R4,adelaide,GE,19.0,9.0,10.0,0.0,0.0,3.0,0.0,2.0,6.0,13.0,0.0,0.0,0.0,1.0,0.0,0.0,2.0,2.0,100,,1.0,6.0,2.0,0.0
"Burton, Brett",2009,R4,adelaide,GE,,,,,,,,,,,,,,,,,,,,,,,,
"Cook, Myke",2009,R4,adelaide,GE,,,,,,,,,,,,,,,,,,,,,,,,
"Dangerfield, Patrick",2009,R4,adelaide,GE,6.0,5.0,1.0,2.0,0.0,3.0,2.0,1.0,1.0,5.0,0.0,0.0,1.0,0.0,0.0,1.0,1.0,0.0,61,,1.0,3.0,1.0,0.0
"Doughty, Michael",2009,R4,adelaide,GE,11.0,6.0,5.0,0.0,0.0,2.0,0.0,4.0,4.0,7.0,1.0,0.0,0.0,0.0,2.0,1.0,0.0,1.0,73,,5.0,0.0,0.0,0.0
"Douglas, Richard",2009,R4,adelaide,GE,11.0,7.0,4.0,0.0,0.0,6.0,0.0,3.0,4.0,7.0,0.0,0.0,0.0,1.0,1.0,0.0,4.0,0.0,79,,1.0,0.0,0.0,0.0
"Edwards, Tyson",2009,R4,adelaide,GE,25.0,11.0,14.0,1.0,2.0,6.0,1.0,5.0,7.0,18.0,0.0,1.0,1.0,0.0,1.0,0.0,3.0,1.0,91,,0.0,1.0,3.0,0.0
"Gill, Nick",2009,R4,adelaide,GE,,,,,,,,,,,,,,,,,,,,,,,,
"Goodwin, Simon",2009,R4,adelaide,GE,25.0,12.0,13.0,0.0,0.0,4.0,3.0,2.0,7.0,18.0,0.0,0.0,0.0,1.0,3.0,0.0,3.0,1.0,99,,2.0,3.0,1.0,0.0
"Griffin, Jonathon",2009,R4,adelaide,GE,,,,,,,,,,,,,,,,,,,,,,,,
"Hentschel, Trent",2009,R4,adelaide,GE,,,,,,,,,,,,,,,,,,,,,,,,
"Johncock, Graham",2009,R4,adelaide,GE,14.0,10.0,4.0,0.0,0.0,6.0,0.0,5.0,3.0,10.0,0.0,0.0,0.0,0.0,1.0,1.0,2.0,1.0,84,,2.0,5.0,0.0,0.0
"Knights, Chris",2009,R4,adelaide,GE,,,,,,,,,,,,,,,,,,,,,,,,
"Mackay, David",2009,R4,adelaide,GE,17.0,14.0,3.0,2.0,0.0,4.0,1.0,3.0,3.0,14.0,1.0,0.0,2.0,0.0,2.0,1.0,2.0,0.0,81,,2.0,0.0,0.0,0.0
"Maric, Ivan",2009,R4,adelaide,GE,14.0,1.0,13.0,0.0,0.0,4.0,0.0,1.0,7.0,8.0,13.0,0.0,0.0,1.0,1.0,1.0,1.0,0.0,69,,3.0,1.0,0.0,0.0
"Martin, Brodie",2009,R4,adelaide,GE,,,,,,,,,,,,,,,,,,,,,,,,
"McKernan, Shaun",2009,R4,adelaide,GE,,,,,,,,,,,,,,,,,,,,,,,,
"McLeod, Andrew",2009,R4,adelaide,GE,11.0,9.0,2.0,0.0,1.0,3.0,0.0,2.0,3.0,9.0,0.0,0.0,0.0,1.0,0.0,1.0,6.0,0.0,90,,2.0,2.0,0.0,0.0
"Moran, Brad",2009,R4,adelaide,GE,,,,,,,,,,,,,,,,,,,,,,,,
"Otten, Andy",2009,R4,adelaide,GE,18.0,5.0,13.0,0.0,0.0,6.0,0.0,2.0,4.0,14.0,0.0,0.0,0.0,0.0,1.0,2.0,1.0,3.0,95,,3.0,4.0,3.0,0.0
"Petrenko, Jared",2009,R4,adelaide,GE,8.0,4.0,4.0,1.0,0.0,2.0,2.0,4.0,4.0,4.0,0.0,0.0,1.0,0.0,1.0,2.0,0.0,2.0,71,,2.0,5.0,0.0,0.0
"Porplyzia, Jason",2009,R4,adelaide,GE,11.0,7.0,4.0,3.0,0.0,4.0,0.0,2.0,4.0,8.0,0.0,2.0,3.0,1.0,1.0,0.0,2.0,0.0,93,,0.0,0.0,1.0,0.0
"Reilly, Brent",2009,R4,adelaide,GE,22.0,11.0,11.0,0.0,0.0,5.0,5.0,2.0,5.0,15.0,0.0,1.0,1.0,3.0,1.0,1.0,6.0,2.0,80,,3.0,3.0,1.0,0.0
"Rutten, Ben",2009,R4,adelaide,GE,12.0,10.0,2.0,0.0,0.0,9.0,0.0,0.0,0.0,11.0,0.0,0.0,0.0,0.0,0.0,0.0,0.0,2.0,100,,1.0,2.0,4.0,0.0
"Sellar, James",2009,R4,adelaide,GE,,,,,,,,,,,,,,,,,,,,,,,,
"Shirley, Robert",2009,R4,adelaide,GE,14.0,4.0,10.0,0.0,0.0,3.0,1.0,4.0,5.0,8.0,3.0,1.0,0.0,0.0,0.0,3.0,2.0,0.0,75,,3.0,0.0,0.0,0.0
"Sloane, Rory",2009,R4,adelaide,GE,,,,,,,,,,,,,,,,,,,,,,,,
"Stevens, Scott",2009,R4,adelaide,GE,,,,,,,,,,,,,,,,,,,,,,,,
"Symes, Brad",2009,R4,adelaide,GE,16.0,8.0,8.0,0.0,0.0,3.0,1.0,3.0,7.0,11.0,1.0,0.0,0.0,0.0,3.0,0.0,2.0,1.0,69,,2.0,1.0,0.0,0.0
"Thompson, Scott",2009,R4,adelaide,GE,22.0,8.0,14.0,1.0,1.0,4.0,4.0,6.0,10.0,13.0,0.0,1.0,2.0,1.0,2.0,0.0,3.0,0.0,91,,2.0,2.0,0.0,0.0
"Tippett, Kurt",2009,R4,adelaide,GE,13.0,8.0,5.0,1.0,1.0,7.0,4.0,5.0,8.0,5.0,9.0,3.0,2.0,0.0,1.0,1.0,2.0,0.0,75,,1.0,1.0,0.0,0.0
"Vince, Bernie",2009,R4,adelaide,GE,19.0,10.0,9.0,0.0,1.0,4.0,4.0,4.0,8.0,11.0,0.0,0.0,0.0,1.0,1.0,0.0,2.0,2.0,75,,1.0,4.0,0.0,0.0
"Walker, Taylor",2009,R4,adelaide,GE,10.0,8.0,2.0,2.0,2.0,5.0,1.0,0.0,3.0,5.0,0.0,1.0,3.0,0.0,0.0,2.0,1.0,0.0,69,,2.0,0.0,0.0,0.0
"van Berlo, Nathan",2009,R4,adelaide,GE,19.0,10.0,9.0,0.0,0.0,6.0,1.0,1.0,3.0,16.0,0.0,0.0,0.0,0.0,0.0,0.0,3.0,0.0,80,,3.0,4.0,1.0,0.0
"Bock, Nathan",2009,R5,adelaide,ME,26.0,15.0,11.0,0.0,0.0,12.0,0.0,2.0,2.0,24.0,0.0,0.0,0.0,0.0,1.0,1.0,1.0,5.0,98,,2.0,10.0,20.0,0.0
"Burton, Brett",2009,R5,adelaide,ME,,,,,,,,,,,,,,,,,,,,,,,,
"Cook, Myke",2009,R5,adelaide,ME,10.0,7.0,3.0,0.0,0.0,4.0,3.0,3.0,4.0,6.0,0.0,0.0,0.0,0.0,1.0,1.0,3.0,0.0,60,,2.0,3.0,1.0,0.0
"Dangerfield, Patrick",2009,R5,adelaide,ME,12.0,1.0,11.0,0.0,0.0,1.0,1.0,2.0,6.0,9.0,0.0,0.0,0.0,0.0,1.0,2.0,1.0,1.0,58,,2.0,0.0,2.0,0.0
"Doughty, Michael",2009,R5,adelaide,ME,15.0,3.0,12.0,0.0,0.0,2.0,2.0,8.0,6.0,9.0,1.0,0.0,0.0,0.0,0.0,0.0,1.0,1.0,75,,0.0,2.0,0.0,0.0
"Douglas, Richard",2009,R5,adelaide,ME,16.0,7.0,9.0,0.0,0.0,3.0,2.0,4.0,6.0,12.0,0.0,0.0,1.0,0.0,0.0,3.0,1.0,1.0,85,,4.0,0.0,2.0,0.0
"Edwards, Tyson",2009,R5,adelaide,ME,22.0,12.0,10.0,0.0,0.0,7.0,1.0,6.0,6.0,16.0,0.0,0.0,0.0,0.0,2.0,2.0,1.0,0.0,88,,5.0,0.0,4.0,0.0
"Gill, Nick",2009,R5,adelaide,ME,,,,,,,,,,,,,,,,,,,,,,,,
"Goodwin, Simon",2009,R5,adelaide,ME,35.0,15.0,20.0,0.0,0.0,10.0,1.0,3.0,4.0,31.0,0.0,0.0,0.0,0.0,0.0,0.0,1.0,5.0,91,,1.0,4.0,2.0,3.0
"Griffin, Jonathon",2009,R5,adelaide,ME,9.0,4.0,5.0,0.0,0.0,1.0,0.0,4.0,5.0,3.0,22.0,1.0,0.0,0.0,1.0,3.0,2.0,0.0,79,,4.0,1.0,1.0,0.0
"Hentschel, Trent",2009,R5,adelaide,ME,,,,,,,,,,,,,,,,,,,,,,,,
"Johncock, Graham",2009,R5,adelaide,ME,25.0,18.0,7.0,1.0,1.0,9.0,0.0,0.0,5.0,19.0,0.0,0.0,0.0,1.0,1.0,0.0,6.0,2.0,86,,1.0,1.0,4.0,0.0
"Knights, Chris",2009,R5,adelaide,ME,,,,,,,,,,,,,,,,,,,,,,,,
"Mackay, David",2009,R5,adelaide,ME,11.0,7.0,4.0,0.0,0.0,3.0,1.0,7.0,3.0,8.0,0.0,0.0,0.0,1.0,1.0,0.0,3.0,1.0,81,,0.0,2.0,0.0,0.0
"Maric, Ivan",2009,R5,adelaide,ME,,,,,,,,,,,,,,,,,,,,,,,,
"Martin, Brodie",2009,R5,adelaide,ME,,,,,,,,,,,,,,,,,,,,,,,,
"McKernan, Shaun",2009,R5,adelaide,ME,,,,,,,,,,,,,,,,,,,,,,,,
"McLeod, Andrew",2009,R5,adelaide,ME,25.0,16.0,9.0,1.0,0.0,3.0,1.0,1.0,2.0,23.0,0.0,0.0,0.0,0.0,0.0,2.0,4.0,1.0,99,,4.0,5.0,3.0,0.0
"Moran, Brad",2009,R5,adelaide,ME,,,,,,,,,,,,,,,,,,,,,,,,
"Otten, Andy",2009,R5,adelaide,ME,23.0,8.0,15.0,0.0,0.0,6.0,1.0,4.0,7.0,15.0,0.0,1.0,0.0,1.0,3.0,0.0,2.0,1.0,87,,1.0,4.0,4.0,0.0
"Petrenko, Jared",2009,R5,adelaide,ME,5.0,2.0,3.0,0.0,0.0,1.0,0.0,0.0,1.0,5.0,0.0,0.0,0.0,0.0,0.0,1.0,0.0,1.0,52,,1.0,1.0,3.0,0.0
"Porplyzia, Jason",2009,R5,adelaide,ME,8.0,5.0,3.0,1.0,0.0,0.0,2.0,7.0,5.0,4.0,0.0,0.0,0.0,0.0,1.0,1.0,0.0,0.0,95,,4.0,2.0,0.0,0.0
"Reilly, Brent",2009,R5,adelaide,ME,17.0,10.0,7.0,0.0,1.0,5.0,1.0,4.0,2.0,15.0,0.0,0.0,0.0,0.0,0.0,0.0,1.0,4.0,79,,3.0,0.0,3.0,0.0
"Rutten, Ben",2009,R5,adelaide,ME,30.0,13.0,17.0,0.0,0.0,11.0,0.0,3.0,9.0,22.0,0.0,0.0,0.0,0.0,0.0,1.0,1.0,2.0,100,,3.0,7.0,1.0,2.0
"Sellar, James",2009,R5,adelaide,ME,,,,,,,,,,,,,,,,,,,,,,,,
"Shirley, Robert",2009,R5,adelaide,ME,,,,,,,,,,,,,,,,,,,,,,,,
"Sloane, Rory",2009,R5,adelaide,ME,,,,,,,,,,,,,,,,,,,,,,,,
"Stevens, Scott",2009,R5,adelaide,ME,13.0,9.0,4.0,1.0,0.0,5.0,0.0,3.0,3.0,10.0,1.0,0.0,0.0,0.0,1.0,1.0,2.0,1.0,86,,2.0,1.0,1.0,0.0
"Symes, Brad",2009,R5,adelaide,ME,,,,,,,,,,,,,,,,,,,,,,,,
"Thompson, Scott",2009,R5,adelaide,ME,29.0,8.0,21.0,0.0,1.0,6.0,2.0,8.0,11.0,18.0,0.0,0.0,0.0,0.0,0.0,2.0,5.0,4.0,95,,3.0,3.0,2.0,0.0
"Tippett, Kurt",2009,R5,adelaide,ME,19.0,11.0,8.0,2.0,0.0,5.0,4.0,4.0,12.0,7.0,19.0,1.0,2.0,0.0,4.0,1.0,1.0,1.0,93,,2.0,1.0,0.0,0.0
"Vince, Bernie",2009,R5,adelaide,ME,33.0,16.0,17.0,0.0,1.0,3.0,2.0,6.0,8.0,23.0,1.0,0.0,0.0,0.0,2.0,0.0,4.0,3.0,74,,1.0,0.0,0.0,1.0
"Walker, Taylor",2009,R5,adelaide,ME,5.0,3.0,2.0,1.0,2.0,3.0,0.0,1.0,2.0,3.0,0.0,0.0,2.0,0.0,0.0,1.0,0.0,0.0,55,,1.0,1.0,0.0,0.0
"van Berlo, Nathan",2009,R5,adelaide,ME,23.0,8.0,15.0,0.0,1.0,5.0,4.0,4.0,9.0,13.0,2.0,1.0,0.0,0.0,1.0,0.0,4.0,2.0,83,,2.0,0.0,0.0,0.0
"Bock, Nathan",2009,R6,adelaide,PA,26.0,14.0,12.0,0.0,0.0,6.0,0.0,1.0,5.0,21.0,0.0,1.0,0.0,0.0,0.0,1.0,1.0,4.0,100,,1.0,1.0,5.0,0.0
"Burton, Brett",2009,R6,adelaide,PA,,,,,,,,,,,,,,,,,,,,,,,,
"Cook, Myke",2009,R6,adelaide,PA,12.0,8.0,4.0,0.0,0.0,3.0,2.0,0.0,3.0,7.0,0.0,1.0,0.0,1.0,0.0,0.0,3.0,1.0,56,,0.0,0.0,2.0,0.0
"Dangerfield, Patrick",2009,R6,adelaide,PA,14.0,3.0,11.0,2.0,0.0,3.0,1.0,2.0,6.0,8.0,0.0,1.0,1.0,0.0,0.0,0.0,0.0,0.0,71,,1.0,0.0,0.0,0.0
"Doughty, Michael",2009,R6,adelaide,PA,19.0,11.0,8.0,1.0,0.0,5.0,1.0,3.0,5.0,13.0,2.0,1.0,0.0,0.0,0.0,0.0,2.0,1.0,84,,2.0,4.0,1.0,0.0
"Douglas, Richard",2009,R6,adelaide,PA,24.0,10.0,14.0,0.0,0.0,6.0,2.0,4.0,4.0,20.0,0.0,0.0,0.0,0.0,0.0,1.0,1.0,1.0,69,,1.0,0.0,1.0,0.0
"Edwards, Tyson",2009,R6,adelaide,PA,25.0,14.0,11.0,0.0,0.0,7.0,3.0,2.0,7.0,18.0,1.0,0.0,0.0,1.0,1.0,2.0,3.0,3.0,87,,4.0,0.0,2.0,0.0
"Gill, Nick",2009,R6,adelaide,PA,,,,,,,,,,,,,,,,,,,,,,,,
"Goodwin, Simon",2009,R6,adelaide,PA,19.0,7.0,12.0,0.0,0.0,4.0,1.0,2.0,8.0,11.0,0.0,0.0,0.0,0.0,2.0,0.0,2.0,0.0,91,,0.0,3.0,0.0,0.0
"Griffin, Jonathon",2009,R6,adelaide,PA,8.0,5.0,3.0,0.0,1.0,4.0,0.0,0.0,6.0,3.0,6.0,3.0,1.0,0.0,1.0,0.0,1.0,1.0,78,,0.0,2.0,0.0,0.0
"Hentschel, Trent",2009,R6,adelaide,PA,,,,,,,,,,,,,,,,,,,,,,,,
"Johncock, Graham",2009,R6,adelaide,PA,13.0,6.0,7.0,0.0,0.0,6.0,0.0,4.0,6.0,8.0,0.0,0.0,0.0,0.0,2.0,4.0,1.0,4.0,91,,5.0,3.0,6.0,0.0
"Knights, Chris",2009,R6,adelaide,PA,,,,,,,,,,,,,,,,,,,,,,,,
"Mackay, David",2009,R6,adelaide,PA,16.0,11.0,5.0,0.0,0.0,1.0,1.0,5.0,6.0,10.0,0.0,0.0,0.0,0.0,1.0,0.0,4.0,2.0,63,,0.0,2.0,3.0,0.0
"Maric, Ivan",2009,R6,adelaide,PA,,,,,,,,,,,,,,,,,,,,,,,,
"Martin, Brodie",2009,R6,adelaide,PA,,,,,,,,,,,,,,,,,,,,,,,,
"McKernan, Shaun",2009,R6,adelaide,PA,,,,,,,,,,,,,,,,,,,,,,,,
"McLeod, Andrew",2009,R6,adelaide,PA,14.0,9.0,5.0,0.0,1.0,3.0,1.0,3.0,4.0,10.0,0.0,0.0,0.0,0.0,2.0,0.0,4.0,1.0,86,,2.0,0.0,0.0,0.0
"Moran, Brad",2009,R6,adelaide,PA,,,,,,,,,,,,,,,,,,,,,,,,
"Otten, Andy",2009,R6,adelaide,PA,16.0,6.0,10.0,0.0,0.0,9.0,0.0,0.0,3.0,13.0,0.0,1.0,0.0,0.0,0.0,0.0,2.0,1.0,86,,0.0,4.0,3.0,0.0
"Petrenko, Jared",2009,R6,adelaide,PA,9.0,7.0,2.0,2.0,0.0,2.0,1.0,3.0,5.0,4.0,0.0,0.0,1.0,0.0,3.0,0.0,3.0,0.0,72,,1.0,2.0,0.0,0.0
"Porplyzia, Jason",2009,R6,adelaide,PA,9.0,5.0,4.0,3.0,0.0,4.0,0.0,4.0,3.0,6.0,0.0,2.0,3.0,1.0,0.0,3.0,1.0,0.0,95,,4.0,0.0,0.0,0.0
"Reilly, Brent",2009,R6,adelaide,PA,19.0,9.0,10.0,0.0,0.0,2.0,2.0,2.0,6.0,14.0,0.0,1.0,1.0,2.0,1.0,1.0,3.0,2.0,79,,4.0,2.0,1.0,0.0
"Rutten, Ben",2009,R6,adelaide,PA,16.0,7.0,9.0,0.0,0.0,9.0,0.0,1.0,3.0,12.0,0.0,3.0,0.0,0.0,0.0,0.0,0.0,1.0,100,,0.0,2.0,0.0,0.0
"Sellar, James",2009,R6,adelaide,PA,,,,,,,,,,,,,,,,,,,,,,,,
"Shirley, Robert",2009,R6,adelaide,PA,,,,,,,,,,,,,,,,,,,,,,,,
"Sloane, Rory",2009,R6,adelaide,PA,,,,,,,,,,,,,,,,,,,,,,,,
"Stevens, Scott",2009,R6,adelaide,PA,7.0,3.0,4.0,0.0,0.0,0.0,1.0,1.0,4.0,3.0,0.0,0.0,0.0,0.0,0.0,0.0,1.0,0.0,91,,1.0,3.0,0.0,0.0
"Symes, Brad",2009,R6,adelaide,PA,,,,,,,,,,,,,,,,,,,,,,,,
"Thompson, Scott",2009,R6,adelaide,PA,23.0,10.0,13.0,1.0,0.0,5.0,2.0,4.0,7.0,17.0,0.0,0.0,1.0,0.0,1.0,2.0,4.0,1.0,90,,3.0,1.0,0.0,0.0
"Tippett, Kurt",2009,R6,adelaide,PA,12.0,6.0,6.0,0.0,0.0,3.0,2.0,5.0,4.0,8.0,8.0,0.0,0.0,1.0,0.0,2.0,4.0,0.0,80,,4.0,4.0,0.0,0.0
"Vince, Bernie",2009,R6,adelaide,PA,29.0,18.0,11.0,2.0,0.0,12.0,1.0,2.0,6.0,23.0,0.0,1.0,1.0,1.0,1.0,1.0,3.0,3.0,71,,3.0,0.0,1.0,0.0
"Walker, Taylor",2009,R6,adelaide,PA,5.0,4.0,1.0,1.0,1.0,3.0,0.0,0.0,1.0,4.0,0.0,0.0,2.0,0.0,0.0,0.0,1.0,0.0,71,,0.0,0.0,0.0,0.0
"van Berlo, Nathan",2009,R6,adelaide,PA,25.0,11.0,14.0,0.0,0.0,8.0,1.0,3.0,6.0,19.0,0.0,0.0,1.0,1.0,0.0,0.0,6.0,2.0,89,,2.0,1.0,0.0,0.0
"Bock, Nathan",2009,R7,adelaide,WB,,,,,,,,,,,,,,,,,,,,,,,,
"Burton, Brett",2009,R7,adelaide,WB,,,,,,,,,,,,,,,,,,,,,,,,
"Cook, Myke",2009,R7,adelaide,WB,,,,,,,,,,,,,,,,,,,,,,,,
"Dangerfield, Patrick",2009,R7,adelaide,WB,13.0,3.0,10.0,0.0,2.0,2.0,4.0,2.0,8.0,6.0,0.0,0.0,2.0,1.0,0.0,1.0,0.0,0.0,80,,1.0,1.0,1.0,0.0
"Doughty, Michael",2009,R7,adelaide,WB,14.0,5.0,9.0,0.0,0.0,2.0,1.0,6.0,5.0,10.0,1.0,0.0,0.0,0.0,1.0,0.0,3.0,1.0,77,,2.0,1.0,0.0,0.0
"Douglas, Richard",2009,R7,adelaide,WB,13.0,9.0,4.0,0.0,0.0,4.0,3.0,0.0,4.0,10.0,0.0,0.0,0.0,0.0,1.0,2.0,4.0,2.0,67,,2.0,1.0,0.0,0.0
"Edwards, Tyson",2009,R7,adelaide,WB,21.0,10.0,11.0,1.0,0.0,1.0,2.0,3.0,4.0,18.0,0.0,0.0,0.0,1.0,0.0,1.0,2.0,4.0,75,,4.0,0.0,2.0,0.0
"Gill, Nick",2009,R7,adelaide,WB,,,,,,,,,,,,,,,,,,,,,,,,
"Goodwin, Simon",2009,R7,adelaide,WB,14.0,9.0,5.0,1.0,0.0,5.0,0.0,1.0,0.0,13.0,0.0,0.0,1.0,0.0,0.0,0.0,0.0,7.0,64,,0.0,2.0,1.0,0.0
"Griffin, Jonathon",2009,R7,adelaide,WB,,,,,,,,,,,,,,,,,,,,,,,,
"Hentschel, Trent",2009,R7,adelaide,WB,,,,,,,,,,,,,,,,,,,,,,,,
"Johncock, Graham",2009,R7,adelaide,WB,22.0,12.0,10.0,0.0,0.0,6.0,0.0,4.0,9.0,12.0,0.0,1.0,0.0,0.0,2.0,0.0,1.0,5.0,92,,3.0,4.0,2.0,0.0
"Knights, Chris",2009,R7,adelaide,WB,24.0,8.0,16.0,3.0,0.0,5.0,3.0,2.0,8.0,15.0,1.0,0.0,2.0,1.0,0.0,0.0,3.0,0.0,80,,1.0,2.0,1.0,0.0
"Mackay, David",2009,R7,adelaide,WB,23.0,11.0,12.0,0.0,0.0,2.0,2.0,1.0,5.0,19.0,0.0,0.0,0.0,0.0,1.0,0.0,1.0,4.0,76,,4.0,0.0,1.0,0.0
"Maric, Ivan",2009,R7,adelaide,WB,,,,,,,,,,,,,,,,,,,,,,,,
"Martin, Brodie",2009,R7,adelaide,WB,,,,,,,,,,,,,,,,,,,,,,,,
"McKernan, Shaun",2009,R7,adelaide,WB,,,,,,,,,,,,,,,,,,,,,,,,
"McLeod, Andrew",2009,R7,adelaide,WB,19.0,9.0,10.0,0.0,1.0,2.0,1.0,5.0,2.0,16.0,0.0,0.0,0.0,0.0,1.0,2.0,3.0,6.0,77,,4.0,0.0,0.0,0.0
"Moran, Brad",2009,R7,adelaide,WB,9.0,3.0,6.0,0.0,1.0,4.0,0.0,3.0,3.0,7.0,8.0,1.0,1.0,1.0,1.0,1.0,1.0,1.0,80,,2.0,0.0,0.0,0.0
"Otten, Andy",2009,R7,adelaide,WB,17.0,4.0,13.0,0.0,0.0,4.0,0.0,5.0,3.0,14.0,0.0,0.0,0.0,0.0,2.0,1.0,0.0,2.0,92,,2.0,3.0,1.0,0.0
"Petrenko, Jared",2009,R7,adelaide,WB,6.0,3.0,3.0,0.0,1.0,1.0,0.0,3.0,2.0,4.0,0.0,0.0,1.0,0.0,0.0,2.0,2.0,0.0,71,,2.0,1.0,0.0,0.0
"Porplyzia, Jason",2009,R7,adelaide,WB,15.0,10.0,5.0,2.0,1.0,2.0,2.0,5.0,8.0,8.0,0.0,0.0,2.0,1.0,0.0,1.0,3.0,0.0,90,,6.0,2.0,0.0,0.0
"Reilly, Brent",2009,R7,adelaide,WB,19.0,12.0,7.0,0.0,0.0,4.0,1.0,2.0,5.0,13.0,0.0,0.0,0.0,0.0,0.0,2.0,1.0,2.0,95,,3.0,5.0,0.0,0.0
"Rutten, Ben",2009,R7,adelaide,WB,16.0,8.0,8.0,0.0,0.0,4.0,0.0,0.0,4.0,12.0,0.0,0.0,0.0,0.0,1.0,0.0,0.0,2.0,100,,1.0,2.0,0.0,0.0
"Sellar, James",2009,R7,adelaide,WB,,,,,,,,,,,,,,,,,,,,,,,,
"Shirley, Robert",2009,R7,adelaide,WB,,,,,,,,,,,,,,,,,,,,,,,,
"Sloane, Rory",2009,R7,adelaide,WB,,,,,,,,,,,,,,,,,,,,,,,,
"Stevens, Scott",2009,R7,adelaide,WB,16.0,11.0,5.0,0.0,3.0,6.0,0.0,2.0,5.0,11.0,0.0,0.0,2.0,0.0,0.0,0.0,3.0,0.0,74,,1.0,0.0,0.0,0.0
"Symes, Brad",2009,R7,adelaide,WB,21.0,5.0,16.0,0.0,0.0,4.0,1.0,2.0,1.0,20.0,1.0,0.0,0.0,0.0,1.0,3.0,1.0,0.0,67,,4.0,2.0,0.0,0.0
"Thompson, Scott",2009,R7,adelaide,WB,34.0,10.0,24.0,0.0,0.0,4.0,3.0,0.0,10.0,25.0,0.0,0.0,0.0,0.0,2.0,0.0,5.0,0.0,82,,3.0,0.0,1.0,0.0
"Tippett, Kurt",2009,R7,adelaide,WB,11.0,6.0,5.0,1.0,0.0,4.0,4.0,2.0,9.0,3.0,16.0,2.0,1.0,2.0,3.0,2.0,2.0,1.0,90,,3.0,4.0,0.0,0.0
"Vince, Bernie",2009,R7,adelaide,WB,18.0,8.0,10.0,0.0,0.0,5.0,3.0,1.0,5.0,13.0,1.0,0.0,0.0,2.0,0.0,1.0,3.0,1.0,76,,3.0,0.0,2.0,0.0
"Walker, Taylor",2009,R7,adelaide,WB,18.0,14.0,4.0,4.0,3.0,9.0,1.0,2.0,9.0,10.0,0.0,1.0,5.0,0.0,3.0,0.0,4.0,0.0,98,,1.0,2.0,0.0,0.0
"van Berlo, Nathan",2009,R7,adelaide,WB,29.0,8.0,21.0,0.0,0.0,7.0,1.0,0.0,7.0,22.0,0.0,0.0,0.0,0.0,0.0,0.0,1.0,1.0,97,,3.0,5.0,1.0,0.0
"Bock, Nathan",2009,R8,adelaide,BL,,,,,,,,,,,,,,,,,,,,,,,,
"Burton, Brett",2009,R8,adelaide,BL,,,,,,,,,,,,,,,,,,,,,,,,
"Cook, Myke",2009,R8,adelaide,BL,,,,,,,,,,,,,,,,,,,,,,,,
"Dangerfield, Patrick",2009,R8,adelaide,BL,12.0,6.0,6.0,1.0,2.0,3.0,0.0,0.0,6.0,7.0,0.0,1.0,3.0,1.0,0.0,1.0,1.0,0.0,75,,2.0,1.0,3.0,0.0
"Doughty, Michael",2009,R8,adelaide,BL,24.0,9.0,15.0,0.0,0.0,7.0,3.0,3.0,6.0,18.0,2.0,0.0,0.0,0.0,0.0,1.0,3.0,1.0,95,,3.0,0.0,2.0,0.0
"Douglas, Richard",2009,R8,adelaide,BL,22.0,8.0,14.0,0.0,0.0,7.0,2.0,4.0,7.0,16.0,0.0,2.0,0.0,0.0,1.0,2.0,4.0,1.0,80,,3.0,5.0,1.0,0.0
"Edwards, Tyson",2009,R8,adelaide,BL,32.0,18.0,14.0,1.0,0.0,10.0,6.0,1.0,9.0,24.0,0.0,0.0,0.0,0.0,1.0,2.0,7.0,1.0,85,,5.0,1.0,2.0,0.0
"Gill, Nick",2009,R8,adelaide,BL,,,,,,,,,,,,,,,,,,,,,,,,
"Goodwin, Simon",2009,R8,adelaide,BL,25.0,11.0,14.0,0.0,0.0,7.0,1.0,3.0,7.0,18.0,0.0,0.0,0.0,2.0,0.0,0.0,2.0,3.0,82,,1.0,4.0,0.0,0.0
"Griffin, Jonathon",2009,R8,adelaide,BL,,,,,,,,,,,,,,,,,,,,,,,,
"Hentschel, Trent",2009,R8,adelaide,BL,,,,,,,,,,,,,,,,,,,,,,,,
"Johncock, Graham",2009,R8,adelaide,BL,17.0,12.0,5.0,0.0,0.0,4.0,0.0,1.0,5.0,13.0,0.0,0.0,0.0,0.0,0.0,2.0,1.0,5.0,84,,6.0,2.0,1.0,0.0
"Knights, Chris",2009,R8,adelaide,BL,14.0,7.0,7.0,2.0,0.0,3.0,2.0,5.0,4.0,10.0,0.0,0.0,2.0,0.0,0.0,1.0,2.0,2.0,83,,2.0,0.0,0.0,0.0
"Mackay, David",2009,R8,adelaide,BL,30.0,13.0,17.0,1.0,1.0,8.0,1.0,6.0,6.0,23.0,2.0,0.0,0.0,0.0,0.0,0.0,5.0,2.0,85,,1.0,2.0,10.0,0.0
"Maric, Ivan",2009,R8,adelaide,BL,,,,,,,,,,,,,,,,,,,,,,,,
"Martin, Brodie",2009,R8,adelaide,BL,,,,,,,,,,,,,,,,,,,,,,,,
"McKernan, Shaun",2009,R8,adelaide,BL,,,,,,,,,,,,,,,,,,,,,,,,
"McLeod, Andrew",2009,R8,adelaide,BL,23.0,11.0,12.0,0.0,0.0,4.0,2.0,3.0,7.0,16.0,0.0,0.0,0.0,0.0,1.0,0.0,4.0,4.0,82,,1.0,2.0,0.0,0.0
"Moran, Brad",2009,R8,adelaide,BL,11.0,1.0,10.0,1.0,0.0,4.0,2.0,2.0,5.0,7.0,20.0,1.0,1.0,0.0,0.0,1.0,0.0,0.0,87,,1.0,1.0,0.0,0.0
"Otten, Andy",2009,R8,adelaide,BL,22.0,8.0,14.0,0.0,0.0,5.0,0.0,2.0,4.0,18.0,0.0,0.0,0.0,0.0,0.0,0.0,2.0,4.0,84,,0.0,3.0,2.0,0.0
"Petrenko, Jared",2009,R8,adelaide,BL,5.0,2.0,3.0,0.0,0.0,2.0,1.0,1.0,1.0,6.0,0.0,0.0,1.0,2.0,0.0,1.0,1.0,1.0,61,,2.0,1.0,2.0,0.0
"Porplyzia, Jason",2009,R8,adelaide,BL,17.0,12.0,5.0,2.0,1.0,9.0,1.0,3.0,9.0,8.0,0.0,3.0,1.0,1.0,2.0,0.0,1.0,0.0,91,,1.0,2.0,2.0,0.0
"Reilly, Brent",2009,R8,adelaide,BL,11.0,8.0,3.0,1.0,0.0,3.0,1.0,0.0,3.0,8.0,0.0,0.0,0.0,0.0,1.0,0.0,1.0,0.0,74,,1.0,1.0,3.0,0.0
"Rutten, Ben",2009,R8,adelaide,BL,11.0,6.0,5.0,0.0,0.0,4.0,0.0,1.0,4.0,8.0,0.0,0.0,0.0,0.0,1.0,0.0,0.0,1.0,100,,0.0,9.0,0.0,0.0
"Sellar, James",2009,R8,adelaide,BL,,,,,,,,,,,,,,,,,,,,,,,,
"Shirley, Robert",2009,R8,adelaide,BL,,,,,,,,,,,,,,,,,,,,,,,,
"Sloane, Rory",2009,R8,adelaide,BL,,,,,,,,,,,,,,,,,,,,,,,,
"Stevens, Scott",2009,R8,adelaide,BL,13.0,7.0,6.0,0.0,0.0,5.0,0.0,0.0,5.0,8.0,0.0,2.0,0.0,0.0,0.0,2.0,0.0,3.0,100,,2.0,8.0,1.0,0.0
"Symes, Brad",2009,R8,adelaide,BL,27.0,9.0,18.0,0.0,0.0,8.0,2.0,0.0,8.0,19.0,2.0,1.0,0.0,0.0,0.0,0.0,2.0,3.0,65,,0.0,2.0,0.0,0.0
"Thompson, Scott",2009,R8,adelaide,BL,20.0,9.0,11.0,0.0,0.0,4.0,3.0,0.0,6.0,16.0,0.0,0.0,0.0,1.0,2.0,2.0,1.0,1.0,76,,4.0,0.0,0.0,0.0
"Tippett, Kurt",2009,R8,adelaide,BL,7.0,4.0,3.0,1.0,3.0,4.0,0.0,3.0,5.0,2.0,18.0,3.0,3.0,0.0,0.0,0.0,1.0,0.0,72,,1.0,2.0,0.0,0.0
"Vince, Bernie",2009,R8,adelaide,BL,29.0,16.0,13.0,0.0,3.0,7.0,3.0,3.0,5.0,24.0,0.0,0.0,0.0,1.0,1.0,2.0,4.0,3.0,77,,2.0,0.0,3.0,0.0
"Walker, Taylor",2009,R8,adelaide,BL,6.0,5.0,1.0,2.0,0.0,1.0,0.0,0.0,3.0,3.0,0.0,0.0,1.0,0.0,1.0,2.0,1.0,0.0,73,,2.0,2.0,0.0,0.0
"van Berlo, Nathan",2009,R8,adelaide,BL,21.0,5.0,16.0,0.0,1.0,1.0,0.0,1.0,7.0,14.0,0.0,0.0,0.0,1.0,0.0,0.0,3.0,1.0,89,,1.0,2.0,0.0,0.0
"Bock, Nathan",2009,R9,adelaide,CA,,,,,,,,,,,,,,,,,,,,,,,,
"Burton, Brett",2009,R9,adelaide,CA,,,,,,,,,,,,,,,,,,,,,,,,
"Cook, Myke",2009,R9,adelaide,CA,,,,,,,,,,,,,,,,,,,,,,,,
"Dangerfield, Patrick",2009,R9,adelaide,CA,14.0,7.0,7.0,1.0,4.0,5.0,3.0,4.0,8.0,6.0,0.0,1.0,5.0,1.0,2.0,2.0,0.0,0.0,87,,3.0,1.0,0.0,0.0
"Doughty, Michael",2009,R9,adelaide,CA,26.0,15.0,11.0,1.0,0.0,5.0,4.0,6.0,7.0,18.0,0.0,0.0,0.0,0.0,1.0,1.0,6.0,2.0,71,,2.0,0.0,0.0,0.0
"Douglas, Richard",2009,R9,adelaide,CA,25.0,14.0,11.0,0.0,0.0,4.0,6.0,6.0,11.0,14.0,0.0,1.0,0.0,1.0,2.0,1.0,4.0,4.0,75,,2.0,3.0,1.0,0.0
"Edwards, Tyson",2009,R9,adelaide,CA,32.0,17.0,15.0,0.0,0.0,7.0,3.0,4.0,8.0,25.0,0.0,0.0,0.0,1.0,0.0,1.0,6.0,1.0,83,,3.0,1.0,3.0,2.0
"Gill, Nick",2009,R9,adelaide,CA,,,,,,,,,,,,,,,,,,,,,,,,
"Goodwin, Simon",2009,R9,adelaide,CA,29.0,15.0,14.0,0.0,1.0,9.0,0.0,1.0,8.0,22.0,0.0,0.0,2.0,0.0,1.0,0.0,3.0,4.0,95,,3.0,3.0,0.0,0.0
"Griffin, Jonathon",2009,R9,adelaide,CA,,,,,,,,,,,,,,,,,,,,,,,,
"Hentschel, Trent",2009,R9,adelaide,CA,,,,,,,,,,,,,,,,,,,,,,,,
"Johncock, Graham",2009,R9,adelaide,CA,20.0,12.0,8.0,0.0,0.0,3.0,0.0,3.0,5.0,13.0,0.0,0.0,0.0,1.0,0.0,0.0,2.0,1.0,92,,1.0,7.0,2.0,0.0
"Knights, Chris",2009,R9,adelaide,CA,15.0,9.0,6.0,5.0,0.0,5.0,1.0,4.0,5.0,10.0,0.0,1.0,2.0,0.0,0.0,1.0,3.0,0.0,89,,3.0,1.0,0.0,3.0
"Mackay, David",2009,R9,adelaide,CA,26.0,13.0,13.0,0.0,1.0,5.0,5.0,1.0,8.0,18.0,0.0,0.0,0.0,0.0,1.0,0.0,3.0,0.0,71,,1.0,1.0,3.0,0.0
"Maric, Ivan",2009,R9,adelaide,CA,8.0,3.0,5.0,0.0,1.0,0.0,3.0,1.0,4.0,4.0,11.0,0.0,0.0,1.0,1.0,2.0,1.0,0.0,72,,4.0,1.0,0.0,0.0
"Martin, Brodie",2009,R9,adelaide,CA,,,,,,,,,,,,,,,,,,,,,,,,
"McKernan, Shaun",2009,R9,adelaide,CA,,,,,,,,,,,,,,,,,,,,,,,,
"McLeod, Andrew",2009,R9,adelaide,CA,18.0,6.0,12.0,0.0,0.0,0.0,2.0,3.0,10.0,8.0,0.0,0.0,0.0,0.0,1.0,2.0,2.0,0.0,83,,3.0,1.0,3.0,0.0
"Moran, Brad",2009,R9,adelaide,CA,5.0,4.0,1.0,0.0,0.0,4.0,0.0,2.0,1.0,4.0,12.0,1.0,0.0,0.0,0.0,1.0,0.0,0.0,45,,2.0,2.0,0.0,0.0
"Otten, Andy",2009,R9,adelaide,CA,23.0,10.0,13.0,1.0,0.0,7.0,1.0,1.0,4.0,19.0,0.0,1.0,0.0,0.0,0.0,0.0,4.0,2.0,96,,2.0,4.0,2.0,0.0
"Petrenko, Jared",2009,R9,adelaide,CA,,,,,,,,,,,,,,,,,,,,,,,,
"Porplyzia, Jason",2009,R9,adelaide,CA,14.0,11.0,3.0,2.0,1.0,2.0,2.0,6.0,8.0,6.0,0.0,0.0,2.0,1.0,1.0,0.0,1.0,1.0,88,,1.0,2.0,0.0,0.0
"Reilly, Brent",2009,R9,adelaide,CA,20.0,10.0,10.0,1.0,1.0,8.0,1.0,2.0,5.0,15.0,1.0,2.0,1.0,0.0,1.0,0.0,4.0,1.0,77,,1.0,0.0,6.0,0.0
"Rutten, Ben",2009,R9,adelaide,CA,14.0,9.0,5.0,0.0,0.0,6.0,0.0,0.0,3.0,10.0,0.0,0.0,0.0,0.0,0.0,0.0,0.0,2.0,100,,1.0,2.0,3.0,0.0
"Sellar, James",2009,R9,adelaide,CA,,,,,,,,,,,,,,,,,,,,,,,,
"Shirley, Robert",2009,R9,adelaide,CA,,,,,,,,,,,,,,,,,,,,,,,,
"Sloane, Rory",2009,R9,adelaide,CA,,,,,,,,,,,,,,,,,,,,,,,,
"Stevens, Scott",2009,R9,adelaide,CA,19.0,10.0,9.0,0.0,0.0,7.0,0.0,0.0,4.0,13.0,3.0,0.0,0.0,0.0,0.0,0.0,1.0,1.0,100,,1.0,2.0,0.0,0.0
"Symes, Brad",2009,R9,adelaide,CA,16.0,7.0,9.0,0.0,0.0,6.0,1.0,4.0,5.0,11.0,5.0,0.0,0.0,1.0,0.0,1.0,3.0,3.0,73,,2.0,1.0,0.0,0.0
"Thompson, Scott",2009,R9,adelaide,CA,30.0,16.0,14.0,0.0,0.0,7.0,6.0,1.0,12.0,18.0,0.0,1.0,0.0,1.0,3.0,2.0,4.0,1.0,79,,4.0,0.0,0.0,0.0
"Tippett, Kurt",2009,R9,adelaide,CA,7.0,4.0,3.0,2.0,0.0,2.0,0.0,5.0,5.0,2.0,14.0,1.0,0.0,0.0,1.0,0.0,2.0,0.0,84,,0.0,0.0,0.0,0.0
"Vince, Bernie",2009,R9,adelaide,CA,21.0,15.0,6.0,2.0,0.0,6.0,4.0,3.0,6.0,15.0,0.0,0.0,1.0,0.0,2.0,0.0,4.0,1.0,75,,1.0,2.0,0.0,0.0
"Walker, Taylor",2009,R9,adelaide,CA,10.0,8.0,2.0,0.0,2.0,6.0,0.0,1.0,1.0,8.0,0.0,0.0,1.0,0.0,0.0,0.0,3.0,0.0,67,,0.0,1.0,0.0,0.0
"van Berlo, Nathan",2009,R9,adelaide,CA,24.0,9.0,15.0,0.0,0.0,5.0,1.0,3.0,4.0,20.0,0.0,0.0,0.0,2.0,1.0,1.0,4.0,0.0,100,,2.0,4.0,0.0,0.0
"Bock, Nathan",2009,R10,adelaide,HW,22.0,11.0,11.0,0.0,0.0,6.0,1.0,1.0,5.0,16.0,0.0,1.0,0.0,0.0,0.0,1.0,0.0,6.0,100,,1.0,2.0,5.0,2.0
"Burton, Brett",2009,R10,adelaide,HW,,,,,,,,,,,,,,,,,,,,,,,,
"Cook, Myke",2009,R10,adelaide,HW,,,,,,,,,,,,,,,,,,,,,,,,
"Dangerfield, Patrick",2009,R10,adelaide,HW,10.0,6.0,4.0,1.0,2.0,5.0,0.0,1.0,3.0,6.0,0.0,0.0,1.0,0.0,0.0,0.0,3.0,0.0,73,,0.0,0.0,2.0,0.0
"Doughty, Michael",2009,R10,adelaide,HW,25.0,13.0,12.0,2.0,1.0,4.0,6.0,4.0,12.0,13.0,1.0,0.0,0.0,0.0,0.0,1.0,4.0,0.0,84,,2.0,0.0,0.0,0.0
"Douglas, Richard",2009,R10,adelaide,HW,15.0,6.0,9.0,1.0,0.0,3.0,1.0,3.0,7.0,8.0,0.0,0.0,0.0,1.0,0.0,0.0,3.0,0.0,71,,0.0,2.0,1.0,0.0
"Edwards, Tyson",2009,R10,adelaide,HW,22.0,8.0,14.0,0.0,0.0,5.0,3.0,5.0,8.0,15.0,0.0,0.0,0.0,1.0,0.0,3.0,2.0,1.0,77,,5.0,0.0,0.0,0.0
"Gill, Nick",2009,R10,adelaide,HW,,,,,,,,,,,,,,,,,,,,,,,,
"Goodwin, Simon",2009,R10,adelaide,HW,22.0,9.0,13.0,0.0,0.0,3.0,1.0,4.0,3.0,20.0,0.0,0.0,0.0,0.0,1.0,0.0,3.0,1.0,96,,1.0,4.0,0.0,0.0
"Griffin, Jonathon",2009,R10,adelaide,HW,,,,,,,,,,,,,,,,,,,,,,,,
"Hentschel, Trent",2009,R10,adelaide,HW,,,,,,,,,,,,,,,,,,,,,,,,
"Johncock, Graham",2009,R10,adelaide,HW,23.0,10.0,13.0,0.0,0.0,5.0,1.0,4.0,8.0,15.0,0.0,0.0,0.0,0.0,1.0,0.0,3.0,3.0,91,,0.0,3.0,2.0,0.0
"Knights, Chris",2009,R10,adelaide,HW,15.0,12.0,3.0,4.0,2.0,5.0,0.0,5.0,3.0,13.0,0.0,0.0,2.0,1.0,0.0,2.0,9.0,0.0,87,,2.0,1.0,3.0,0.0
"Mackay, David",2009,R10,adelaide,HW,26.0,9.0,17.0,0.0,0.0,5.0,4.0,2.0,6.0,20.0,0.0,0.0,0.0,0.0,0.0,1.0,3.0,5.0,85,,1.0,1.0,4.0,0.0
"Maric, Ivan",2009,R10,adelaide,HW,6.0,3.0,3.0,0.0,0.0,0.0,1.0,1.0,1.0,5.0,9.0,0.0,0.0,1.0,1.0,0.0,2.0,0.0,51,,0.0,0.0,0.0,0.0
"Martin, Brodie",2009,R10,adelaide,HW,,,,,,,,,,,,,,,,,,,,,,,,
"McKernan, Shaun",2009,R10,adelaide,HW,,,,,,,,,,,,,,,,,,,,,,,,
"McLeod, Andrew",2009,R10,adelaide,HW,18.0,11.0,7.0,0.0,0.0,0.0,0.0,2.0,3.0,15.0,0.0,0.0,0.0,0.0,0.0,0.0,2.0,1.0,78,,3.0,0.0,0.0,0.0
"Moran, Brad",2009,R10,adelaide,HW,11.0,3.0,8.0,0.0,0.0,2.0,0.0,0.0,3.0,8.0,22.0,0.0,0.0,1.0,1.0,0.0,0.0,2.0,58,,0.0,3.0,0.0,0.0
"Otten, Andy",2009,R10,adelaide,HW,16.0,4.0,12.0,0.0,0.0,6.0,0.0,2.0,9.0,8.0,0.0,1.0,0.0,2.0,3.0,0.0,2.0,1.0,96,,0.0,2.0,0.0,0.0
"Petrenko, Jared",2009,R10,adelaide,HW,,,,,,,,,,,,,,,,,,,,,,,,
"Porplyzia, Jason",2009,R10,adelaide,HW,13.0,9.0,4.0,0.0,2.0,1.0,0.0,5.0,8.0,4.0,0.0,0.0,0.0,1.0,2.0,1.0,3.0,0.0,92,,2.0,3.0,0.0,0.0
"Reilly, Brent",2009,R10,adelaide,HW,,,,,,,,,,,,,,,,,,,,,,,,
"Rutten, Ben",2009,R10,adelaide,HW,14.0,8.0,6.0,0.0,0.0,6.0,0.0,2.0,1.0,13.0,0.0,1.0,0.0,1.0,0.0,0.0,1.0,3.0,100,,0.0,4.0,0.0,0.0
"Sellar, James",2009,R10,adelaide,HW,,,,,,,,,,,,,,,,,,,,,,,,
"Shirley, Robert",2009,R10,adelaide,HW,,,,,,,,,,,,,,,,,,,,,,,,
"Sloane, Rory",2009,R10,adelaide,HW,,,,,,,,,,,,,,,,,,,,,,,,
"Stevens, Scott",2009,R10,adelaide,HW,18.0,10.0,8.0,1.0,1.0,5.0,4.0,2.0,9.0,9.0,0.0,0.0,1.0,2.0,1.0,1.0,2.0,1.0,84,,3.0,1.0,2.0,0.0
"Symes, Brad",2009,R10,adelaide,HW,19.0,7.0,12.0,0.0,0.0,4.0,1.0,2.0,4.0,14.0,2.0,0.0,0.0,0.0,0.0,0.0,1.0,1.0,65,,0.0,0.0,0.0,0.0
"Thompson, Scott",2009,R10,adelaide,HW,38.0,13.0,25.0,0.0,0.0,5.0,6.0,7.0,11.0,27.0,0.0,0.0,0.0,0.0,0.0,1.0,7.0,4.0,78,,5.0,1.0,1.0,3.0
"Tippett, Kurt",2009,R10,adelaide,HW,5.0,2.0,3.0,1.0,0.0,0.0,0.0,1.0,2.0,3.0,10.0,0.0,0.0,0.0,1.0,3.0,0.0,0.0,79,,3.0,2.0,0.0,0.0
"Vince, Bernie",2009,R10,adelaide,HW,23.0,11.0,12.0,1.0,0.0,4.0,1.0,4.0,5.0,18.0,0.0,1.0,0.0,1.0,0.0,0.0,2.0,2.0,71,,1.0,1.0,0.0,0.0
"Walker, Taylor",2009,R10,adelaide,HW,10.0,8.0,2.0,5.0,0.0,7.0,1.0,4.0,2.0,8.0,0.0,0.0,5.0,0.0,0.0,1.0,1.0,1.0,76,,1.0,0.0,0.0,1.0
"van Berlo, Nathan",2009,R10,adelaide,HW,19.0,5.0,14.0,0.0,0.0,7.0,1.0,6.0,3.0,17.0,0.0,0.0,1.0,0.0,1.0,0.0,3.0,2.0,96,,0.0,1.0,1.0,0.0
"Bock, Nathan",2009,R11,adelaide,ES,25.0,16.0,9.0,0.0,0.0,5.0,0.0,0.0,6.0,18.0,0.0,1.0,0.0,1.0,0.0,2.0,4.0,5.0,100,,2.0,3.0,6.0,0.0
"Burton, Brett",2009,R11,adelaide,ES,,,,,,,,,,,,,,,,,,,,,,,,
"Cook, Myke",2009,R11,adelaide,ES,,,,,,,,,,,,,,,,,,,,,,,,
"Dangerfield, Patrick",2009,R11,adelaide,ES,12.0,3.0,9.0,1.0,0.0,1.0,3.0,3.0,8.0,4.0,0.0,1.0,1.0,0.0,1.0,0.0,0.0,1.0,72,,0.0,2.0,0.0,0.0
"Doughty, Michael",2009,R11,adelaide,ES,14.0,8.0,6.0,0.0,0.0,5.0,2.0,3.0,5.0,9.0,0.0,0.0,0.0,0.0,0.0,0.0,2.0,1.0,81,,1.0,0.0,0.0,0.0
"Douglas, Richard",2009,R11,adelaide,ES,12.0,3.0,9.0,2.0,0.0,2.0,3.0,3.0,5.0,7.0,0.0,0.0,1.0,0.0,0.0,1.0,1.0,0.0,80,,1.0,3.0,1.0,0.0
"Edwards, Tyson",2009,R11,adelaide,ES,41.0,22.0,19.0,0.0,0.0,8.0,9.0,10.0,15.0,26.0,0.0,0.0,0.0,2.0,1.0,1.0,4.0,2.0,80,,5.0,2.0,4.0,3.0
"Gill, Nick",2009,R11,adelaide,ES,,,,,,,,,,,,,,,,,,,,,,,,
"Goodwin, Simon",2009,R11,adelaide,ES,14.0,5.0,9.0,0.0,0.0,3.0,0.0,1.0,2.0,12.0,0.0,0.0,0.0,0.0,1.0,0.0,2.0,2.0,47,,0.0,2.0,0.0,0.0
"Griffin, Jonathon",2009,R11,adelaide,ES,,,,,,,,,,,,,,,,,,,,,,,,
"Hentschel, Trent",2009,R11,adelaide,ES,,,,,,,,,,,,,,,,,,,,,,,,
"Johncock, Graham",2009,R11,adelaide,ES,22.0,11.0,11.0,0.0,0.0,6.0,0.0,2.0,5.0,17.0,0.0,2.0,0.0,1.0,0.0,1.0,3.0,3.0,99,,1.0,5.0,0.0,0.0
"Knights, Chris",2009,R11,adelaide,ES,22.0,15.0,7.0,5.0,0.0,5.0,4.0,3.0,8.0,13.0,1.0,1.0,1.0,1.0,0.0,2.0,7.0,0.0,83,,5.0,1.0,0.0,1.0
"Mackay, David",2009,R11,adelaide,ES,21.0,9.0,12.0,0.0,0.0,6.0,1.0,5.0,5.0,16.0,0.0,0.0,0.0,1.0,1.0,0.0,3.0,4.0,90,,1.0,1.0,4.0,0.0
"Maric, Ivan",2009,R11,adelaide,ES,7.0,4.0,3.0,1.0,0.0,3.0,2.0,3.0,3.0,4.0,22.0,0.0,0.0,0.0,1.0,2.0,1.0,0.0,47,,2.0,2.0,0.0,0.0
"Martin, Brodie",2009,R11,adelaide,ES,,,,,,,,,,,,,,,,,,,,,,,,
"McKernan, Shaun",2009,R11,adelaide,ES,,,,,,,,,,,,,,,,,,,,,,,,
"McLeod, Andrew",2009,R11,adelaide,ES,19.0,11.0,8.0,1.0,0.0,2.0,2.0,1.0,5.0,13.0,0.0,0.0,0.0,1.0,2.0,0.0,3.0,0.0,86,,2.0,3.0,0.0,0.0
"Moran, Brad",2009,R11,adelaide,ES,10.0,1.0,9.0,0.0,0.0,2.0,0.0,3.0,5.0,6.0,26.0,0.0,0.0,0.0,0.0,1.0,0.0,1.0,53,,1.0,0.0,0.0,0.0
"Otten, Andy",2009,R11,adelaide,ES,11.0,3.0,8.0,0.0,0.0,3.0,0.0,3.0,2.0,9.0,0.0,0.0,0.0,1.0,0.0,1.0,1.0,0.0,97,,3.0,3.0,1.0,0.0
"Petrenko, Jared",2009,R11,adelaide,ES,,,,,,,,,,,,,,,,,,,,,,,,
"Porplyzia, Jason",2009,R11,adelaide,ES,10.0,6.0,4.0,1.0,0.0,0.0,0.0,2.0,5.0,4.0,0.0,0.0,0.0,1.0,1.0,0.0,4.0,0.0,95,,1.0,2.0,1.0,0.0
"Reilly, Brent",2009,R11,adelaide,ES,,,,,,,,,,,,,,,,,,,,,,,,
"Rutten, Ben",2009,R11,adelaide,ES,15.0,7.0,8.0,0.0,0.0,6.0,1.0,2.0,6.0,9.0,0.0,0.0,0.0,0.0,0.0,0.0,1.0,2.0,100,,1.0,6.0,4.0,0.0
"Sellar, James",2009,R11,adelaide,ES,,,,,,,,,,,,,,,,,,,,,,,,
"Shirley, Robert",2009,R11,adelaide,ES,,,,,,,,,,,,,,,,,,,,,,,,
"Sloane, Rory",2009,R11,adelaide,ES,,,,,,,,,,,,,,,,,,,,,,,,
"Stevens, Scott",2009,R11,adelaide,ES,12.0,7.0,5.0,0.0,0.0,8.0,1.0,1.0,3.0,9.0,0.0,1.0,0.0,1.0,0.0,0.0,1.0,2.0,96,,0.0,2.0,0.0,0.0
"Symes, Brad",2009,R11,adelaide,ES,19.0,7.0,12.0,0.0,0.0,6.0,2.0,5.0,5.0,15.0,2.0,0.0,0.0,2.0,0.0,2.0,2.0,3.0,83,,3.0,3.0,0.0,0.0
"Thompson, Scott",2009,R11,adelaide,ES,33.0,17.0,16.0,0.0,1.0,6.0,7.0,3.0,12.0,22.0,0.0,0.0,0.0,2.0,1.0,2.0,6.0,2.0,80,,4.0,0.0,0.0,0.0
"Tippett, Kurt",2009,R11,adelaide,ES,11.0,11.0,0.0,7.0,1.0,9.0,0.0,4.0,6.0,5.0,10.0,5.0,7.0,1.0,1.0,0.0,2.0,0.0,95,,1.0,0.0,0.0,2.0
"Vince, Bernie",2009,R11,adelaide,ES,36.0,18.0,18.0,1.0,0.0,7.0,5.0,0.0,9.0,28.0,0.0,0.0,0.0,2.0,2.0,1.0,3.0,5.0,85,,2.0,0.0,3.0,0.0
"Walker, Taylor",2009,R11,adelaide,ES,4.0,4.0,0.0,2.0,1.0,3.0,0.0,0.0,0.0,4.0,0.0,0.0,2.0,0.0,0.0,1.0,1.0,0.0,54,,2.0,0.0,0.0,0.0
"van Berlo, Nathan",2009,R11,adelaide,ES,16.0,7.0,9.0,0.0,0.0,3.0,1.0,6.0,2.0,13.0,0.0,0.0,0.0,0.0,1.0,0.0,1.0,1.0,97,,0.0,3.0,0.0,0.0
"Bock, Nathan",2009,R12,adelaide,NM,19.0,13.0,6.0,1.0,0.0,6.0,2.0,0.0,7.0,12.0,0.0,1.0,0.0,0.0,0.0,2.0,1.0,4.0,100,,3.0,9.0,1.0,0.0
"Burton, Brett",2009,R12,adelaide,NM,,,,,,,,,,,,,,,,,,,,,,,,
"Cook, Myke",2009,R12,adelaide,NM,,,,,,,,,,,,,,,,,,,,,,,,
"Dangerfield, Patrick",2009,R12,adelaide,NM,14.0,5.0,9.0,0.0,0.0,1.0,3.0,1.0,8.0,5.0,0.0,1.0,0.0,0.0,0.0,1.0,4.0,0.0,72,,2.0,1.0,0.0,0.0
"Doughty, Michael",2009,R12,adelaide,NM,31.0,20.0,11.0,0.0,0.0,7.0,0.0,7.0,6.0,22.0,0.0,0.0,0.0,0.0,1.0,0.0,3.0,3.0,100,,1.0,2.0,0.0,3.0
"Douglas, Richard",2009,R12,adelaide,NM,,,,,,,,,,,,,,,,,,,,,,,,
"Edwards, Tyson",2009,R12,adelaide,NM,22.0,13.0,9.0,1.0,0.0,5.0,5.0,5.0,9.0,14.0,0.0,0.0,0.0,0.0,0.0,2.0,4.0,1.0,78,,4.0,0.0,0.0,0.0
"Gill, Nick",2009,R12,adelaide,NM,,,,,,,,,,,,,,,,,,,,,,,,
"Goodwin, Simon",2009,R12,adelaide,NM,,,,,,,,,,,,,,,,,,,,,,,,
"Griffin, Jonathon",2009,R12,adelaide,NM,,,,,,,,,,,,,,,,,,,,,,,,
"Hentschel, Trent",2009,R12,adelaide,NM,,,,,,,,,,,,,,,,,,,,,,,,
"Johncock, Graham",2009,R12,adelaide,NM,,,,,,,,,,,,,,,,,,,,,,,,
"Knights, Chris",2009,R12,adelaide,NM,10.0,3.0,7.0,1.0,0.0,1.0,1.0,5.0,4.0,6.0,0.0,0.0,1.0,1.0,0.0,1.0,2.0,1.0,87,,2.0,1.0,0.0,0.0
"Mackay, David",2009,R12,adelaide,NM,24.0,12.0,12.0,0.0,0.0,2.0,1.0,3.0,5.0,17.0,0.0,0.0,0.0,1.0,1.0,1.0,6.0,0.0,82,,3.0,1.0,3.0,0.0
"Maric, Ivan",2009,R12,adelaide,NM,7.0,2.0,5.0,0.0,1.0,2.0,1.0,2.0,4.0,3.0,15.0,1.0,1.0,0.0,0.0,2.0,2.0,0.0,54,,2.0,3.0,0.0,0.0
"Martin, Brodie",2009,R12,adelaide,NM,,,,,,,,,,,,,,,,,,,,,,,,
"McKernan, Shaun",2009,R12,adelaide,NM,,,,,,,,,,,,,,,,,,,,,,,,
"McLeod, Andrew",2009,R12,adelaide,NM,17.0,11.0,6.0,0.0,1.0,4.0,1.0,3.0,5.0,13.0,0.0,0.0,0.0,3.0,1.0,0.0,6.0,0.0,81,,1.0,0.0,1.0,0.0
"Moran, Brad",2009,R12,adelaide,NM,12.0,3.0,9.0,0.0,0.0,3.0,1.0,1.0,6.0,6.0,19.0,0.0,0.0,0.0,1.0,2.0,2.0,0.0,54,,2.0,3.0,0.0,0.0
"Otten, Andy",2009,R12,adelaide,NM,20.0,9.0,11.0,0.0,0.0,9.0,1.0,4.0,7.0,13.0,0.0,1.0,0.0,0.0,0.0,0.0,5.0,1.0,98,,1.0,6.0,1.0,1.0
"Petrenko, Jared",2009,R12,adelaide,NM,14.0,11.0,3.0,0.0,0.0,2.0,0.0,4.0,5.0,9.0,0.0,0.0,0.0,0.0,4.0,0.0,3.0,3.0,79,,0.0,1.0,1.0,0.0
"Porplyzia, Jason",2009,R12,adelaide,NM,20.0,12.0,8.0,3.0,0.0,4.0,3.0,3.0,9.0,8.0,0.0,1.0,2.0,1.0,0.0,0.0,3.0,0.0,92,,2.0,1.0,0.0,0.0
"Reilly, Brent",2009,R12,adelaide,NM,10.0,5.0,5.0,0.0,0.0,0.0,1.0,0.0,4.0,5.0,0.0,0.0,0.0,0.0,2.0,0.0,1.0,3.0,52,,0.0,1.0,0.0,0.0
"Rutten, Ben",2009,R12,adelaide,NM,15.0,8.0,7.0,0.0,0.0,4.0,0.0,1.0,7.0,7.0,0.0,1.0,0.0,0.0,0.0,0.0,0.0,2.0,100,,1.0,5.0,0.0,0.0
"Sellar, James",2009,R12,adelaide,NM,,,,,,,,,,,,,,,,,,,,,,,,
"Shirley, Robert",2009,R12,adelaide,NM,17.0,6.0,11.0,0.0,0.0,0.0,6.0,6.0,12.0,5.0,1.0,0.0,0.0,0.0,0.0,1.0,1.0,0.0,89,,3.0,0.0,0.0,0.0
"Sloane, Rory",2009,R12,adelaide,NM,,,,,,,,,,,,,,,,,,,,,,,,
"Stevens, Scott",2009,R12,adelaide,NM,12.0,8.0,4.0,0.0,0.0,4.0,0.0,2.0,7.0,5.0,0.0,1.0,2.0,0.0,2.0,2.0,1.0,2.0,88,,3.0,2.0,0.0,0.0
"Symes, Brad",2009,R12,adelaide,NM,25.0,17.0,8.0,0.0,0.0,7.0,2.0,2.0,5.0,19.0,0.0,0.0,0.0,0.0,0.0,1.0,4.0,6.0,75,,2.0,0.0,0.0,0.0
"Thompson, Scott",2009,R12,adelaide,NM,31.0,14.0,17.0,0.0,0.0,4.0,8.0,7.0,15.0,16.0,0.0,0.0,0.0,1.0,3.0,0.0,6.0,2.0,83,,2.0,0.0,0.0,2.0
"Tippett, Kurt",2009,R12,adelaide,NM,10.0,4.0,6.0,1.0,1.0,3.0,0.0,7.0,7.0,4.0,21.0,0.0,1.0,0.0,2.0,2.0,2.0,0.0,90,,3.0,1.0,0.0,0.0
"Vince, Bernie",2009,R12,adelaide,NM,22.0,16.0,6.0,1.0,1.0,7.0,1.0,2.0,6.0,17.0,0.0,0.0,1.0,0.0,2.0,0.0,5.0,1.0,79,,1.0,0.0,0.0,0.0
"Walker, Taylor",2009,R12,adelaide,NM,11.0,9.0,2.0,1.0,2.0,5.0,0.0,4.0,5.0,6.0,0.0,1.0,2.0,0.0,0.0,0.0,2.0,0.0,68,,0.0,0.0,0.0,0.0
"van Berlo, Nathan",2009,R12,adelaide,NM,17.0,9.0,8.0,0.0,0.0,8.0,0.0,3.0,2.0,16.0,0.0,0.0,0.0,0.0,0.0,0.0,2.0,1.0,100,,2.0,2.0,1.0,0.0
"Bock, Nathan",2009,R13,adelaide,SY,17.0,13.0,4.0,0.0,1.0,6.0,0.0,1.0,5.0,13.0,0.0,2.0,0.0,0.0,2.0,1.0,2.0,1.0,100,,2.0,5.0,1.0,0.0
"Burton, Brett",2009,R13,adelaide,SY,,,,,,,,,,,,,,,,,,,,,,,,
"Cook, Myke",2009,R13,adelaide,SY,,,,,,,,,,,,,,,,,,,,,,,,
"Dangerfield, Patrick",2009,R13,adelaide,SY,12.0,7.0,5.0,0.0,1.0,2.0,6.0,1.0,10.0,2.0,0.0,1.0,1.0,2.0,0.0,1.0,2.0,0.0,61,,2.0,1.0,0.0,0.0
"Doughty, Michael",2009,R13,adelaide,SY,22.0,13.0,9.0,0.0,0.0,8.0,1.0,2.0,6.0,16.0,0.0,1.0,0.0,1.0,0.0,0.0,4.0,2.0,100,,1.0,1.0,1.0,0.0
"Douglas, Richard",2009,R13,adelaide,SY,12.0,3.0,9.0,0.0,1.0,3.0,3.0,4.0,8.0,4.0,0.0,0.0,1.0,1.0,1.0,1.0,1.0,0.0,80,,1.0,0.0,0.0,0.0
"Edwards, Tyson",2009,R13,adelaide,SY,16.0,11.0,5.0,2.0,1.0,3.0,1.0,3.0,5.0,12.0,0.0,0.0,0.0,0.0,2.0,1.0,2.0,0.0,77,,2.0,1.0,0.0,0.0
"Gill, Nick",2009,R13,adelaide,SY,,,,,,,,,,,,,,,,,,,,,,,,
"Goodwin, Simon",2009,R13,adelaide,SY,,,,,,,,,,,,,,,,,,,,,,,,
"Griffin, Jonathon",2009,R13,adelaide,SY,,,,,,,,,,,,,,,,,,,,,,,,
"Hentschel, Trent",2009,R13,adelaide,SY,,,,,,,,,,,,,,,,,,,,,,,,
"Johncock, Graham",2009,R13,adelaide,SY,13.0,6.0,7.0,0.0,0.0,1.0,0.0,4.0,5.0,7.0,0.0,0.0,0.0,0.0,1.0,0.0,2.0,2.0,100,,1.0,2.0,1.0,0.0
"Knights, Chris",2009,R13,adelaide,SY,19.0,9.0,10.0,0.0,2.0,6.0,2.0,5.0,7.0,12.0,0.0,0.0,2.0,0.0,0.0,0.0,3.0,0.0,88,,1.0,1.0,0.0,0.0
"Mackay, David",2009,R13,adelaide,SY,19.0,6.0,13.0,0.0,0.0,3.0,4.0,3.0,7.0,13.0,0.0,0.0,0.0,0.0,2.0,1.0,2.0,1.0,78,,1.0,1.0,0.0,0.0
"Maric, Ivan",2009,R13,adelaide,SY,2.0,1.0,1.0,0.0,0.0,1.0,0.0,0.0,0.0,2.0,20.0,0.0,0.0,0.0,0.0,0.0,0.0,0.0,51,,0.0,1.0,0.0,0.0
"Martin, Brodie",2009,R13,adelaide,SY,,,,,,,,,,,,,,,,,,,,,,,,
"McKernan, Shaun",2009,R13,adelaide,SY,,,,,,,,,,,,,,,,,,,,,,,,
"McLeod, Andrew",2009,R13,adelaide,SY,19.0,12.0,7.0,1.0,0.0,2.0,3.0,5.0,6.0,12.0,0.0,0.0,0.0,0.0,0.0,0.0,6.0,1.0,83,,0.0,0.0,3.0,0.0
"Moran, Brad",2009,R13,adelaide,SY,18.0,7.0,11.0,0.0,0.0,6.0,3.0,2.0,4.0,15.0,14.0,0.0,0.0,0.0,0.0,2.0,1.0,3.0,49,,3.0,2.0,0.0,0.0
"Otten, Andy",2009,R13,adelaide,SY,17.0,8.0,9.0,0.0,0.0,8.0,0.0,1.0,3.0,14.0,0.0,2.0,0.0,0.0,1.0,1.0,3.0,1.0,96,,2.0,0.0,4.0,0.0
"Petrenko, Jared",2009,R13,adelaide,SY,,,,,,,,,,,,,,,,,,,,,,,,
"Porplyzia, Jason",2009,R13,adelaide,SY,15.0,9.0,6.0,4.0,1.0,7.0,0.0,4.0,7.0,8.0,0.0,1.0,3.0,1.0,1.0,1.0,3.0,2.0,96,,1.0,3.0,2.0,1.0
"Reilly, Brent",2009,R13,adelaide,SY,,,,,,,,,,,,,,,,,,,,,,,,
"Rutten, Ben",2009,R13,adelaide,SY,11.0,6.0,5.0,0.0,0.0,5.0,0.0,1.0,2.0,10.0,0.0,0.0,0.0,0.0,1.0,1.0,2.0,0.0,100,,2.0,3.0,4.0,0.0
"Sellar, James",2009,R13,adelaide,SY,,,,,,,,,,,,,,,,,,,,,,,,
"Shirley, Robert",2009,R13,adelaide,SY,16.0,8.0,8.0,0.0,0.0,6.0,3.0,7.0,4.0,12.0,2.0,0.0,0.0,0.0,1.0,0.0,1.0,0.0,88,,2.0,2.0,0.0,0.0
"Sloane, Rory",2009,R13,adelaide,SY,,,,,,,,,,,,,,,,,,,,,,,,
"Stevens, Scott",2009,R13,adelaide,SY,11.0,6.0,5.0,1.0,0.0,4.0,0.0,1.0,3.0,8.0,1.0,0.0,1.0,0.0,0.0,1.0,2.0,1.0,91,,2.0,2.0,1.0,0.0
"Symes, Brad",2009,R13,adelaide,SY,17.0,8.0,9.0,0.0,0.0,1.0,2.0,1.0,5.0,12.0,4.0,0.0,0.0,0.0,0.0,0.0,1.0,0.0,62,,1.0,1.0,0.0,0.0
"Thompson, Scott",2009,R13,adelaide,SY,22.0,9.0,13.0,0.0,0.0,2.0,2.0,4.0,6.0,16.0,0.0,0.0,0.0,1.0,2.0,1.0,1.0,1.0,80,,1.0,2.0,0.0,0.0
"Tippett, Kurt",2009,R13,adelaide,SY,8.0,8.0,0.0,2.0,3.0,6.0,1.0,2.0,7.0,2.0,4.0,4.0,5.0,0.0,1.0,1.0,1.0,0.0,95,,1.0,0.0,0.0,0.0
"Vince, Bernie",2009,R13,adelaide,SY,28.0,19.0,9.0,0.0,0.0,9.0,1.0,1.0,6.0,22.0,2.0,1.0,0.0,1.0,2.0,0.0,6.0,2.0,79,,2.0,3.0,5.0,3.0
"Walker, Taylor",2009,R13,adelaide,SY,2.0,1.0,1.0,0.0,0.0,0.0,0.0,6.0,1.0,1.0,0.0,0.0,0.0,0.0,1.0,2.0,2.0,0.0,52,,3.0,1.0,0.0,0.0
"van Berlo, Nathan",2009,R13,adelaide,SY,21.0,13.0,8.0,2.0,0.0,7.0,3.0,1.0,8.0,14.0,0.0,0.0,0.0,0.0,1.0,3.0,4.0,2.0,92,,6.0,6.0,3.0,0.0
"Bock, Nathan",2009,R14,adelaide,RI,27.0,16.0,11.0,0.0,0.0,11.0,0.0,0.0,4.0,23.0,0.0,2.0,0.0,0.0,0.0,0.0,1.0,5.0,100,,1.0,4.0,2.0,0.0
"Burton, Brett",2009,R14,adelaide,RI,,,,,,,,,,,,,,,,,,,,,,,,
"Cook, Myke",2009,R14,adelaide,RI,,,,,,,,,,,,,,,,,,,,,,,,
"Dangerfield, Patrick",2009,R14,adelaide,RI,12.0,5.0,7.0,0.0,1.0,3.0,3.0,3.0,8.0,5.0,0.0,1.0,0.0,0.0,2.0,0.0,1.0,0.0,73,,0.0,0.0,1.0,0.0
"Doughty, Michael",2009,R14,adelaide,RI,23.0,14.0,9.0,0.0,0.0,8.0,1.0,3.0,4.0,18.0,0.0,0.0,0.0,2.0,0.0,1.0,3.0,3.0,96,,1.0,3.0,0.0,0.0
"Douglas, Richard",2009,R14,adelaide,RI,7.0,4.0,3.0,1.0,0.0,3.0,1.0,4.0,2.0,5.0,0.0,1.0,1.0,0.0,0.0,1.0,2.0,0.0,76,,1.0,1.0,0.0,0.0
"Edwards, Tyson",2009,R14,adelaide,RI,24.0,12.0,12.0,0.0,1.0,7.0,4.0,9.0,9.0,14.0,1.0,1.0,0.0,2.0,1.0,2.0,3.0,0.0,84,,2.0,0.0,1.0,0.0
"Gill, Nick",2009,R14,adelaide,RI,,,,,,,,,,,,,,,,,,,,,,,,
"Goodwin, Simon",2009,R14,adelaide,RI,,,,,,,,,,,,,,,,,,,,,,,,
"Griffin, Jonathon",2009,R14,adelaide,RI,,,,,,,,,,,,,,,,,,,,,,,,
"Hentschel, Trent",2009,R14,adelaide,RI,,,,,,,,,,,,,,,,,,,,,,,,
"Johncock, Graham",2009,R14,adelaide,RI,29.0,12.0,17.0,0.0,0.0,9.0,1.0,5.0,11.0,18.0,0.0,0.0,0.0,1.0,1.0,0.0,0.0,2.0,94,,1.0,0.0,2.0,0.0
"Knights, Chris",2009,R14,adelaide,RI,19.0,12.0,7.0,2.0,3.0,7.0,3.0,3.0,5.0,15.0,0.0,0.0,1.0,0.0,2.0,1.0,8.0,0.0,92,,5.0,1.0,2.0,0.0
"Mackay, David",2009,R14,adelaide,RI,13.0,6.0,7.0,2.0,0.0,4.0,0.0,1.0,2.0,11.0,0.0,0.0,0.0,0.0,0.0,0.0,1.0,1.0,76,,2.0,2.0,4.0,0.0
"Maric, Ivan",2009,R14,adelaide,RI,9.0,4.0,5.0,0.0,0.0,3.0,1.0,4.0,4.0,5.0,26.0,1.0,0.0,0.0,0.0,1.0,3.0,0.0,67,,1.0,4.0,0.0,0.0
"Martin, Brodie",2009,R14,adelaide,RI,,,,,,,,,,,,,,,,,,,,,,,,
"McKernan, Shaun",2009,R14,adelaide,RI,8.0,4.0,4.0,0.0,1.0,2.0,0.0,3.0,4.0,4.0,0.0,0.0,1.0,1.0,1.0,1.0,1.0,0.0,50,,2.0,1.0,0.0,0.0
"McLeod, Andrew",2009,R14,adelaide,RI,24.0,15.0,9.0,1.0,0.0,1.0,1.0,3.0,4.0,22.0,0.0,0.0,0.0,1.0,3.0,1.0,7.0,1.0,84,,2.0,1.0,1.0,0.0
"Moran, Brad",2009,R14,adelaide,RI,,,,,,,,,,,,,,,,,,,,,,,,
"Otten, Andy",2009,R14,adelaide,RI,16.0,9.0,7.0,0.0,0.0,4.0,1.0,2.0,2.0,13.0,0.0,1.0,0.0,1.0,0.0,0.0,1.0,4.0,98,,1.0,2.0,1.0,0.0
"Petrenko, Jared",2009,R14,adelaide,RI,,,,,,,,,,,,,,,,,,,,,,,,
"Porplyzia, Jason",2009,R14,adelaide,RI,15.0,8.0,7.0,1.0,0.0,3.0,1.0,3.0,6.0,9.0,0.0,0.0,0.0,0.0,1.0,0.0,3.0,0.0,92,,1.0,0.0,1.0,0.0
"Reilly, Brent",2009,R14,adelaide,RI,,,,,,,,,,,,,,,,,,,,,,,,
"Rutten, Ben",2009,R14,adelaide,RI,18.0,9.0,9.0,0.0,0.0,9.0,0.0,0.0,4.0,15.0,0.0,0.0,0.0,0.0,1.0,0.0,0.0,1.0,100,,0.0,2.0,0.0,0.0
"Sellar, James",2009,R14,adelaide,RI,7.0,3.0,4.0,0.0,0.0,0.0,2.0,1.0,3.0,4.0,7.0,0.0,0.0,0.0,3.0,1.0,1.0,0.0,33,,3.0,0.0,0.0,0.0
"Shirley, Robert",2009,R14,adelaide,RI,14.0,3.0,11.0,0.0,0.0,2.0,2.0,5.0,6.0,9.0,1.0,1.0,0.0,0.0,0.0,2.0,0.0,0.0,68,,2.0,0.0,0.0,0.0
"Sloane, Rory",2009,R14,adelaide,RI,,,,,,,,,,,,,,,,,,,,,,,,
"Stevens, Scott",2009,R14,adelaide,RI,19.0,13.0,6.0,2.0,1.0,9.0,1.0,2.0,6.0,13.0,0.0,1.0,3.0,0.0,2.0,0.0,1.0,1.0,92,,0.0,1.0,1.0,0.0
"Symes, Brad",2009,R14,adelaide,RI,16.0,8.0,8.0,0.0,0.0,7.0,0.0,4.0,2.0,14.0,0.0,0.0,0.0,0.0,1.0,0.0,1.0,0.0,79,,0.0,3.0,0.0,0.0
"Thompson, Scott",2009,R14,adelaide,RI,27.0,14.0,13.0,1.0,0.0,5.0,8.0,10.0,12.0,15.0,0.0,1.0,1.0,0.0,1.0,2.0,5.0,0.0,87,,3.0,2.0,0.0,3.0
"Tippett, Kurt",2009,R14,adelaide,RI,13.0,11.0,2.0,5.0,3.0,8.0,0.0,2.0,6.0,8.0,4.0,3.0,6.0,2.0,2.0,3.0,2.0,0.0,88,,4.0,0.0,0.0,2.0
"Vince, Bernie",2009,R14,adelaide,RI,28.0,17.0,11.0,0.0,0.0,11.0,1.0,0.0,3.0,23.0,0.0,0.0,0.0,0.0,0.0,0.0,3.0,2.0,77,,1.0,1.0,4.0,0.0
"Walker, Taylor",2009,R14,adelaide,RI,,,,,,,,,,,,,,,,,,,,,,,,
"van Berlo, Nathan",2009,R14,adelaide,RI,19.0,9.0,10.0,0.0,0.0,5.0,0.0,2.0,5.0,15.0,0.0,0.0,0.0,0.0,0.0,0.0,2.0,0.0,93,,1.0,2.0,2.0,0.0
"Bock, Nathan",2009,R15,adelaide,FR,29.0,16.0,13.0,0.0,0.0,7.0,0.0,2.0,3.0,26.0,0.0,0.0,0.0,1.0,1.0,2.0,3.0,4.0,95,,3.0,6.0,0.0,0.0
"Burton, Brett",2009,R15,adelaide,FR,,,,,,,,,,,,,,,,,,,,,,,,
"Cook, Myke",2009,R15,adelaide,FR,,,,,,,,,,,,,,,,,,,,,,,,
"Dangerfield, Patrick",2009,R15,adelaide,FR,19.0,10.0,9.0,3.0,0.0,1.0,3.0,4.0,14.0,5.0,0.0,0.0,1.0,2.0,1.0,0.0,6.0,0.0,82,,2.0,2.0,2.0,0.0
"Doughty, Michael",2009,R15,adelaide,FR,20.0,9.0,11.0,0.0,0.0,4.0,1.0,1.0,6.0,14.0,0.0,0.0,0.0,0.0,1.0,1.0,1.0,1.0,74,,1.0,2.0,1.0,0.0
"Douglas, Richard",2009,R15,adelaide,FR,,,,,,,,,,,,,,,,,,,,,,,,
"Edwards, Tyson",2009,R15,adelaide,FR,10.0,3.0,7.0,0.0,1.0,1.0,3.0,6.0,5.0,5.0,0.0,0.0,1.0,0.0,0.0,0.0,1.0,1.0,85,,0.0,1.0,2.0,0.0
"Gill, Nick",2009,R15,adelaide,FR,,,,,,,,,,,,,,,,,,,,,,,,
"Goodwin, Simon",2009,R15,adelaide,FR,27.0,12.0,15.0,0.0,0.0,3.0,0.0,2.0,3.0,23.0,0.0,0.0,0.0,0.0,1.0,0.0,5.0,3.0,85,,0.0,0.0,0.0,0.0
"Griffin, Jonathon",2009,R15,adelaide,FR,,,,,,,,,,,,,,,,,,,,,,,,
"Hentschel, Trent",2009,R15,adelaide,FR,,,,,,,,,,,,,,,,,,,,,,,,
"Johncock, Graham",2009,R15,adelaide,FR,29.0,17.0,12.0,0.0,1.0,8.0,1.0,0.0,4.0,24.0,0.0,0.0,0.0,0.0,0.0,1.0,2.0,3.0,95,,1.0,4.0,3.0,0.0
"Knights, Chris",2009,R15,adelaide,FR,17.0,11.0,6.0,2.0,3.0,9.0,1.0,4.0,5.0,13.0,0.0,1.0,7.0,2.0,1.0,3.0,3.0,0.0,84,,5.0,1.0,1.0,0.0
"Mackay, David",2009,R15,adelaide,FR,26.0,13.0,13.0,0.0,0.0,6.0,1.0,0.0,7.0,19.0,0.0,0.0,0.0,2.0,1.0,0.0,5.0,1.0,87,,0.0,2.0,8.0,0.0
"Maric, Ivan",2009,R15,adelaide,FR,14.0,4.0,10.0,0.0,0.0,2.0,1.0,1.0,7.0,7.0,15.0,0.0,0.0,0.0,2.0,0.0,1.0,0.0,65,,0.0,3.0,0.0,0.0
"Martin, Brodie",2009,R15,adelaide,FR,,,,,,,,,,,,,,,,,,,,,,,,
"McKernan, Shaun",2009,R15,adelaide,FR,,,,,,,,,,,,,,,,,,,,,,,,
"McLeod, Andrew",2009,R15,adelaide,FR,18.0,13.0,5.0,1.0,0.0,2.0,1.0,1.0,2.0,16.0,0.0,0.0,0.0,1.0,0.0,0.0,4.0,0.0,78,,0.0,1.0,0.0,0.0
"Moran, Brad",2009,R15,adelaide,FR,,,,,,,,,,,,,,,,,,,,,,,,
"Otten, Andy",2009,R15,adelaide,FR,27.0,9.0,18.0,0.0,0.0,4.0,1.0,1.0,7.0,21.0,0.0,1.0,0.0,1.0,2.0,0.0,6.0,1.0,97,,1.0,4.0,1.0,2.0
"Petrenko, Jared",2009,R15,adelaide,FR,,,,,,,,,,,,,,,,,,,,,,,,
"Porplyzia, Jason",2009,R15,adelaide,FR,21.0,11.0,10.0,5.0,2.0,9.0,2.0,3.0,5.0,16.0,0.0,2.0,6.0,0.0,0.0,1.0,3.0,0.0,87,,1.0,1.0,0.0,0.0
"Reilly, Brent",2009,R15,adelaide,FR,23.0,10.0,13.0,0.0,0.0,1.0,2.0,7.0,5.0,18.0,0.0,0.0,0.0,0.0,0.0,0.0,3.0,0.0,80,,0.0,1.0,0.0,0.0
"Rutten, Ben",2009,R15,adelaide,FR,16.0,6.0,10.0,0.0,0.0,4.0,0.0,1.0,3.0,13.0,0.0,0.0,0.0,0.0,0.0,0.0,1.0,0.0,100,,0.0,4.0,0.0,0.0
"Sellar, James",2009,R15,adelaide,FR,9.0,3.0,6.0,0.0,0.0,2.0,1.0,1.0,1.0,8.0,8.0,0.0,0.0,0.0,0.0,1.0,1.0,0.0,52,,2.0,3.0,0.0,0.0
"Shirley, Robert",2009,R15,adelaide,FR,16.0,5.0,11.0,1.0,0.0,4.0,2.0,4.0,5.0,11.0,0.0,0.0,1.0,0.0,0.0,1.0,2.0,0.0,69,,3.0,2.0,0.0,0.0
"Sloane, Rory",2009,R15,adelaide,FR,,,,,,,,,,,,,,,,,,,,,,,,
"Stevens, Scott",2009,R15,adelaide,FR,8.0,5.0,3.0,2.0,1.0,3.0,1.0,4.0,4.0,4.0,1.0,0.0,2.0,0.0,1.0,1.0,0.0,0.0,87,,2.0,0.0,0.0,0.0
"Symes, Brad",2009,R15,adelaide,FR,23.0,6.0,17.0,0.0,1.0,5.0,0.0,3.0,0.0,23.0,0.0,0.0,0.0,0.0,0.0,0.0,4.0,2.0,81,,0.0,3.0,0.0,0.0
"Thompson, Scott",2009,R15,adelaide,FR,27.0,11.0,16.0,0.0,1.0,5.0,4.0,5.0,8.0,20.0,0.0,0.0,1.0,1.0,1.0,2.0,3.0,2.0,84,,4.0,2.0,0.0,3.0
"Tippett, Kurt",2009,R15,adelaide,FR,15.0,11.0,4.0,5.0,4.0,9.0,3.0,3.0,9.0,6.0,5.0,4.0,8.0,1.0,0.0,0.0,0.0,0.0,87,,0.0,1.0,0.0,1.0
"Vince, Bernie",2009,R15,adelaide,FR,29.0,9.0,20.0,0.0,0.0,6.0,5.0,3.0,8.0,22.0,1.0,1.0,0.0,1.0,0.0,2.0,2.0,0.0,69,,3.0,1.0,1.0,0.0
"Walker, Taylor",2009,R15,adelaide,FR,,,,,,,,,,,,,,,,,,,,,,,,
"van Berlo, Nathan",2009,R15,adelaide,FR,21.0,5.0,16.0,0.0,0.0,4.0,2.0,5.0,6.0,15.0,0.0,0.0,0.0,0.0,0.0,0.0,2.0,0.0,77,,0.0,1.0,1.0,0.0
"Bock, Nathan",2009,R16,adelaide,SK,28.0,18.0,10.0,0.0,0.0,12.0,0.0,2.0,5.0,23.0,0.0,1.0,0.0,0.0,1.0,0.0,0.0,3.0,100,,2.0,5.0,1.0,0.0
"Burton, Brett",2009,R16,adelaide,SK,7.0,6.0,1.0,0.0,0.0,3.0,0.0,2.0,2.0,5.0,0.0,0.0,0.0,1.0,1.0,1.0,3.0,1.0,62,,3.0,0.0,0.0,0.0
"Cook, Myke",2009,R16,adelaide,SK,,,,,,,,,,,,,,,,,,,,,,,,
"Dangerfield, Patrick",2009,R16,adelaide,SK,11.0,1.0,10.0,1.0,0.0,1.0,3.0,2.0,8.0,3.0,0.0,0.0,1.0,0.0,0.0,2.0,0.0,0.0,65,,3.0,0.0,0.0,0.0
"Doughty, Michael",2009,R16,adelaide,SK,22.0,9.0,13.0,0.0,0.0,5.0,2.0,7.0,5.0,17.0,1.0,0.0,0.0,1.0,1.0,1.0,1.0,3.0,92,,2.0,3.0,0.0,0.0
"Douglas, Richard",2009,R16,adelaide,SK,12.0,6.0,6.0,0.0,1.0,5.0,1.0,3.0,5.0,8.0,0.0,1.0,0.0,0.0,2.0,1.0,3.0,0.0,74,,2.0,1.0,0.0,0.0
"Edwards, Tyson",2009,R16,adelaide,SK,,,,,,,,,,,,,,,,,,,,,,,,
"Gill, Nick",2009,R16,adelaide,SK,,,,,,,,,,,,,,,,,,,,,,,,
"Goodwin, Simon",2009,R16,adelaide,SK,29.0,12.0,17.0,0.0,0.0,5.0,0.0,3.0,3.0,26.0,0.0,0.0,0.0,0.0,0.0,0.0,1.0,2.0,96,,1.0,2.0,0.0,0.0
"Griffin, Jonathon",2009,R16,adelaide,SK,,,,,,,,,,,,,,,,,,,,,,,,
"Hentschel, Trent",2009,R16,adelaide,SK,,,,,,,,,,,,,,,,,,,,,,,,
"Johncock, Graham",2009,R16,adelaide,SK,19.0,13.0,6.0,0.0,0.0,7.0,0.0,4.0,3.0,15.0,0.0,0.0,0.0,0.0,0.0,0.0,1.0,7.0,93,,3.0,2.0,1.0,0.0
"Knights, Chris",2009,R16,adelaide,SK,15.0,9.0,6.0,1.0,1.0,6.0,0.0,1.0,2.0,13.0,0.0,0.0,1.0,1.0,0.0,1.0,3.0,0.0,92,,2.0,0.0,1.0,0.0
"Mackay, David",2009,R16,adelaide,SK,9.0,2.0,7.0,0.0,0.0,1.0,3.0,2.0,5.0,4.0,0.0,0.0,0.0,1.0,0.0,0.0,1.0,0.0,59,,0.0,0.0,0.0,0.0
"Maric, Ivan",2009,R16,adelaide,SK,8.0,2.0,6.0,0.0,0.0,0.0,1.0,0.0,3.0,4.0,11.0,0.0,0.0,0.0,0.0,0.0,2.0,1.0,59,,1.0,2.0,0.0,0.0
"Martin, Brodie",2009,R16,adelaide,SK,16.0,10.0,6.0,1.0,0.0,8.0,1.0,4.0,2.0,15.0,2.0,0.0,0.0,1.0,0.0,2.0,3.0,2.0,61,,4.0,1.0,5.0,0.0
"McKernan, Shaun",2009,R16,adelaide,SK,,,,,,,,,,,,,,,,,,,,,,,,
"McLeod, Andrew",2009,R16,adelaide,SK,19.0,8.0,11.0,0.0,0.0,4.0,0.0,2.0,4.0,15.0,0.0,0.0,0.0,0.0,1.0,0.0,2.0,0.0,91,,2.0,0.0,0.0,0.0
"Moran, Brad",2009,R16,adelaide,SK,,,,,,,,,,,,,,,,,,,,,,,,
"Otten, Andy",2009,R16,adelaide,SK,26.0,11.0,15.0,0.0,0.0,7.0,0.0,0.0,8.0,19.0,0.0,0.0,0.0,0.0,0.0,0.0,2.0,3.0,94,,1.0,2.0,0.0,0.0
"Petrenko, Jared",2009,R16,adelaide,SK,,,,,,,,,,,,,,,,,,,,,,,,
"Porplyzia, Jason",2009,R16,adelaide,SK,10.0,5.0,5.0,0.0,2.0,4.0,1.0,0.0,4.0,6.0,0.0,0.0,2.0,0.0,0.0,0.0,0.0,0.0,91,,3.0,0.0,0.0,0.0
"Reilly, Brent",2009,R16,adelaide,SK,24.0,10.0,14.0,0.0,0.0,5.0,0.0,5.0,4.0,21.0,0.0,0.0,0.0,0.0,0.0,2.0,0.0,1.0,92,,2.0,3.0,0.0,0.0
"Rutten, Ben",2009,R16,adelaide,SK,18.0,6.0,12.0,0.0,0.0,7.0,0.0,1.0,3.0,15.0,0.0,0.0,0.0,0.0,0.0,1.0,0.0,2.0,100,,1.0,6.0,0.0,0.0
"Sellar, James",2009,R16,adelaide,SK,7.0,2.0,5.0,0.0,0.0,0.0,2.0,1.0,2.0,5.0,6.0,0.0,0.0,0.0,1.0,0.0,0.0,0.0,47,,1.0,0.0,0.0,0.0
"Shirley, Robert",2009,R16,adelaide,SK,,,,,,,,,,,,,,,,,,,,,,,,
"Sloane, Rory",2009,R16,adelaide,SK,,,,,,,,,,,,,,,,,,,,,,,,
"Stevens, Scott",2009,R16,adelaide,SK,16.0,11.0,5.0,2.0,1.0,9.0,0.0,3.0,7.0,8.0,0.0,4.0,2.0,0.0,0.0,0.0,3.0,1.0,94,,3.0,2.0,0.0,0.0
"Symes, Brad",2009,R16,adelaide,SK,22.0,9.0,13.0,0.0,0.0,7.0,2.0,1.0,5.0,17.0,0.0,0.0,0.0,0.0,0.0,3.0,3.0,2.0,77,,3.0,3.0,0.0,0.0
"Thompson, Scott",2009,R16,adelaide,SK,27.0,8.0,19.0,0.0,0.0,3.0,2.0,3.0,10.0,16.0,0.0,0.0,0.0,0.0,0.0,1.0,2.0,4.0,85,,5.0,2.0,0.0,0.0
"Tippett, Kurt",2009,R16,adelaide,SK,4.0,4.0,0.0,2.0,0.0,2.0,1.0,3.0,2.0,2.0,10.0,0.0,1.0,0.0,0.0,0.0,0.0,1.0,96,,1.0,1.0,0.0,0.0
"Vince, Bernie",2009,R16,adelaide,SK,19.0,7.0,12.0,0.0,0.0,1.0,2.0,1.0,8.0,12.0,0.0,0.0,0.0,0.0,0.0,1.0,3.0,1.0,79,,3.0,2.0,0.0,0.0
"Walker, Taylor",2009,R16,adelaide,SK,,,,,,,,,,,,,,,,,,,,,,,,
"van Berlo, Nathan",2009,R16,adelaide,SK,,,,,,,,,,,,,,,,,,,,,,,,
"Bock, Nathan",2009,R17,adelaide,PA,27.0,15.0,12.0,1.0,0.0,7.0,0.0,3.0,8.0,20.0,0.0,1.0,0.0,0.0,1.0,3.0,4.0,5.0,100,,3.0,7.0,3.0,2.0
"Burton, Brett",2009,R17,adelaide,PA,14.0,13.0,1.0,4.0,1.0,5.0,1.0,2.0,9.0,5.0,0.0,2.0,5.0,0.0,4.0,1.0,4.0,0.0,74,,1.0,0.0,0.0,0.0
"Cook, Myke",2009,R17,adelaide,PA,,,,,,,,,,,,,,,,,,,,,,,,
"Dangerfield, Patrick",2009,R17,adelaide,PA,9.0,6.0,3.0,1.0,1.0,3.0,0.0,2.0,4.0,6.0,0.0,1.0,2.0,1.0,1.0,0.0,1.0,0.0,86,,2.0,0.0,0.0,0.0
"Doughty, Michael",2009,R17,adelaide,PA,27.0,13.0,14.0,2.0,0.0,4.0,2.0,3.0,6.0,22.0,0.0,0.0,0.0,0.0,2.0,2.0,4.0,1.0,94,,2.0,4.0,0.0,1.0
"Douglas, Richard",2009,R17,adelaide,PA,,,,,,,,,,,,,,,,,,,,,,,,
"Edwards, Tyson",2009,R17,adelaide,PA,,,,,,,,,,,,,,,,,,,,,,,,
"Gill, Nick",2009,R17,adelaide,PA,,,,,,,,,,,,,,,,,,,,,,,,
"Goodwin, Simon",2009,R17,adelaide,PA,26.0,11.0,15.0,2.0,0.0,4.0,5.0,9.0,9.0,14.0,0.0,0.0,0.0,1.0,0.0,2.0,4.0,2.0,84,,2.0,1.0,0.0,0.0
"Griffin, Jonathon",2009,R17,adelaide,PA,,,,,,,,,,,,,,,,,,,,,,,,
"Hentschel, Trent",2009,R17,adelaide,PA,,,,,,,,,,,,,,,,,,,,,,,,
"Johncock, Graham",2009,R17,adelaide,PA,28.0,14.0,14.0,0.0,0.0,5.0,0.0,1.0,6.0,20.0,0.0,0.0,0.0,0.0,1.0,2.0,2.0,3.0,89,,3.0,3.0,4.0,0.0
"Knights, Chris",2009,R17,adelaide,PA,25.0,15.0,10.0,3.0,2.0,8.0,4.0,2.0,9.0,15.0,0.0,2.0,3.0,2.0,0.0,0.0,5.0,0.0,89,,2.0,1.0,0.0,0.0
"Mackay, David",2009,R17,adelaide,PA,,,,,,,,,,,,,,,,,,,,,,,,
"Maric, Ivan",2009,R17,adelaide,PA,6.0,2.0,4.0,0.0,0.0,4.0,0.0,3.0,2.0,4.0,27.0,1.0,1.0,0.0,0.0,2.0,1.0,0.0,67,,2.0,1.0,0.0,0.0
"Martin, Brodie",2009,R17,adelaide,PA,18.0,9.0,9.0,0.0,0.0,5.0,1.0,0.0,4.0,15.0,0.0,0.0,0.0,0.0,2.0,1.0,1.0,2.0,67,,2.0,4.0,0.0,0.0
"McKernan, Shaun",2009,R17,adelaide,PA,,,,,,,,,,,,,,,,,,,,,,,,
"McLeod, Andrew",2009,R17,adelaide,PA,30.0,16.0,14.0,2.0,1.0,9.0,0.0,1.0,6.0,25.0,0.0,0.0,1.0,2.0,1.0,0.0,3.0,1.0,91,,2.0,1.0,1.0,0.0
"Moran, Brad",2009,R17,adelaide,PA,,,,,,,,,,,,,,,,,,,,,,,,
"Otten, Andy",2009,R17,adelaide,PA,9.0,3.0,6.0,0.0,0.0,6.0,0.0,0.0,0.0,9.0,0.0,0.0,0.0,0.0,0.0,0.0,1.0,0.0,45,,1.0,2.0,0.0,0.0
"Petrenko, Jared",2009,R17,adelaide,PA,,,,,,,,,,,,,,,,,,,,,,,,
"Porplyzia, Jason",2009,R17,adelaide,PA,19.0,10.0,9.0,1.0,2.0,4.0,3.0,6.0,12.0,8.0,0.0,1.0,2.0,2.0,1.0,1.0,6.0,0.0,97,,3.0,4.0,0.0,0.0
"Reilly, Brent",2009,R17,adelaide,PA,32.0,17.0,15.0,0.0,1.0,9.0,0.0,2.0,7.0,26.0,1.0,0.0,0.0,3.0,0.0,1.0,6.0,1.0,78,,1.0,2.0,0.0,3.0
"Rutten, Ben",2009,R17,adelaide,PA,14.0,3.0,11.0,0.0,0.0,2.0,0.0,1.0,2.0,11.0,0.0,0.0,0.0,0.0,0.0,0.0,0.0,2.0,100,,0.0,1.0,1.0,0.0
"Sellar, James",2009,R17,adelaide,PA,9.0,3.0,6.0,0.0,0.0,3.0,1.0,1.0,6.0,2.0,10.0,1.0,0.0,0.0,1.0,0.0,0.0,0.0,51,,0.0,1.0,0.0,0.0
"Shirley, Robert",2009,R17,adelaide,PA,20.0,7.0,13.0,0.0,0.0,2.0,8.0,4.0,11.0,9.0,0.0,0.0,0.0,0.0,1.0,3.0,2.0,4.0,79,,3.0,3.0,0.0,0.0
"Sloane, Rory",2009,R17,adelaide,PA,,,,,,,,,,,,,,,,,,,,,,,,
"Stevens, Scott",2009,R17,adelaide,PA,5.0,3.0,2.0,0.0,0.0,2.0,0.0,0.0,2.0,3.0,0.0,0.0,0.0,0.0,0.0,1.0,0.0,2.0,91,,2.0,2.0,0.0,0.0
"Symes, Brad",2009,R17,adelaide,PA,18.0,9.0,9.0,0.0,0.0,3.0,1.0,7.0,2.0,15.0,1.0,0.0,0.0,0.0,0.0,0.0,2.0,0.0,75,,0.0,1.0,0.0,0.0
"Thompson, Scott",2009,R17,adelaide,PA,20.0,11.0,9.0,0.0,1.0,1.0,4.0,7.0,8.0,12.0,0.0,0.0,0.0,1.0,2.0,1.0,5.0,0.0,86,,3.0,1.0,0.0,0.0
"Tippett, Kurt",2009,R17,adelaide,PA,13.0,7.0,6.0,2.0,3.0,6.0,0.0,2.0,8.0,5.0,8.0,2.0,5.0,0.0,1.0,4.0,1.0,0.0,89,,5.0,1.0,0.0,0.0
"Vince, Bernie",2009,R17,adelaide,PA,30.0,14.0,16.0,1.0,0.0,4.0,4.0,4.0,11.0,20.0,0.0,1.0,0.0,1.0,1.0,0.0,5.0,2.0,71,,3.0,1.0,1.0,0.0
"Walker, Taylor",2009,R17,adelaide,PA,,,,,,,,,,,,,,,,,,,,,,,,
"van Berlo, Nathan",2009,R17,adelaide,PA,25.0,4.0,21.0,0.0,1.0,5.0,1.0,3.0,9.0,16.0,0.0,0.0,1.0,1.0,1.0,2.0,2.0,0.0,97,,3.0,3.0,0.0,0.0
"Bock, Nathan",2009,R18,adelaide,GE,27.0,13.0,14.0,0.0,0.0,7.0,0.0,1.0,3.0,24.0,0.0,2.0,0.0,0.0,0.0,2.0,1.0,3.0,95,,4.0,3.0,2.0,0.0
"Burton, Brett",2009,R18,adelaide,GE,8.0,6.0,2.0,4.0,0.0,6.0,1.0,1.0,3.0,4.0,0.0,2.0,5.0,0.0,0.0,3.0,0.0,0.0,77,,3.0,2.0,0.0,0.0
"Cook, Myke",2009,R18,adelaide,GE,,,,,,,,,,,,,,,,,,,,,,,,
"Dangerfield, Patrick",2009,R18,adelaide,GE,12.0,5.0,7.0,0.0,2.0,3.0,0.0,4.0,4.0,8.0,0.0,0.0,1.0,0.0,0.0,0.0,1.0,0.0,68,,2.0,0.0,0.0,0.0
"Doughty, Michael",2009,R18,adelaide,GE,26.0,15.0,11.0,1.0,0.0,7.0,0.0,0.0,5.0,20.0,0.0,1.0,0.0,0.0,0.0,0.0,2.0,2.0,95,,1.0,1.0,1.0,0.0
"Douglas, Richard",2009,R18,adelaide,GE,,,,,,,,,,,,,,,,,,,,,,,,
"Edwards, Tyson",2009,R18,adelaide,GE,28.0,17.0,11.0,0.0,1.0,4.0,5.0,0.0,6.0,21.0,0.0,0.0,0.0,0.0,0.0,1.0,3.0,4.0,80,,3.0,1.0,1.0,0.0
"Gill, Nick",2009,R18,adelaide,GE,,,,,,,,,,,,,,,,,,,,,,,,
"Goodwin, Simon",2009,R18,adelaide,GE,35.0,13.0,22.0,0.0,0.0,8.0,1.0,4.0,9.0,27.0,0.0,1.0,0.0,0.0,1.0,0.0,0.0,5.0,89,,1.0,3.0,0.0,0.0
"Griffin, Jonathon",2009,R18,adelaide,GE,,,,,,,,,,,,,,,,,,,,,,,,
"Hentschel, Trent",2009,R18,adelaide,GE,,,,,,,,,,,,,,,,,,,,,,,,
"Johncock, Graham",2009,R18,adelaide,GE,20.0,11.0,9.0,1.0,0.0,6.0,1.0,3.0,5.0,15.0,0.0,1.0,1.0,0.0,0.0,2.0,0.0,2.0,95,,4.0,4.0,0.0,0.0
"Knights, Chris",2009,R18,adelaide,GE,21.0,12.0,9.0,1.0,2.0,7.0,0.0,1.0,7.0,14.0,0.0,1.0,2.0,1.0,1.0,0.0,6.0,0.0,87,,0.0,1.0,0.0,0.0
"Mackay, David",2009,R18,adelaide,GE,,,,,,,,,,,,,,,,,,,,,,,,
"Maric, Ivan",2009,R18,adelaide,GE,17.0,8.0,9.0,0.0,1.0,7.0,2.0,3.0,6.0,11.0,16.0,1.0,2.0,0.0,1.0,2.0,0.0,2.0,69,,2.0,1.0,0.0,0.0
"Martin, Brodie",2009,R18,adelaide,GE,,,,,,,,,,,,,,,,,,,,,,,,
"McKernan, Shaun",2009,R18,adelaide,GE,,,,,,,,,,,,,,,,,,,,,,,,
"McLeod, Andrew",2009,R18,adelaide,GE,21.0,8.0,13.0,0.0,0.0,3.0,2.0,1.0,6.0,15.0,0.0,0.0,0.0,0.0,0.0,1.0,4.0,1.0,84,,3.0,2.0,0.0,0.0
"Moran, Brad",2009,R18,adelaide,GE,,,,,,,,,,,,,,,,,,,,,,,,
"Otten, Andy",2009,R18,adelaide,GE,11.0,5.0,6.0,0.0,0.0,6.0,0.0,1.0,4.0,7.0,0.0,0.0,0.0,1.0,1.0,1.0,1.0,1.0,57,,3.0,0.0,0.0,0.0
"Petrenko, Jared",2009,R18,adelaide,GE,,,,,,,,,,,,,,,,,,,,,,,,
"Porplyzia, Jason",2009,R18,adelaide,GE,11.0,6.0,5.0,0.0,1.0,2.0,0.0,5.0,4.0,7.0,0.0,0.0,0.0,1.0,1.0,1.0,3.0,0.0,98,,2.0,2.0,0.0,0.0
"Reilly, Brent",2009,R18,adelaide,GE,29.0,19.0,10.0,1.0,0.0,6.0,4.0,4.0,8.0,21.0,1.0,0.0,0.0,2.0,2.0,1.0,10.0,0.0,82,,2.0,2.0,2.0,0.0
"Rutten, Ben",2009,R18,adelaide,GE,15.0,3.0,12.0,0.0,0.0,4.0,0.0,6.0,4.0,11.0,0.0,0.0,0.0,0.0,0.0,2.0,0.0,1.0,100,,3.0,3.0,0.0,0.0
"Sellar, James",2009,R18,adelaide,GE,3.0,2.0,1.0,0.0,0.0,1.0,1.0,1.0,1.0,3.0,2.0,0.0,0.0,0.0,0.0,0.0,1.0,0.0,32,,1.0,1.0,0.0,0.0
"Shirley, Robert",2009,R18,adelaide,GE,15.0,5.0,10.0,0.0,0.0,2.0,4.0,7.0,5.0,10.0,0.0,0.0,0.0,0.0,0.0,3.0,1.0,3.0,84,,3.0,1.0,0.0,0.0
"Sloane, Rory",2009,R18,adelaide,GE,,,,,,,,,,,,,,,,,,,,,,,,
"Stevens, Scott",2009,R18,adelaide,GE,17.0,9.0,8.0,1.0,2.0,6.0,3.0,3.0,10.0,7.0,0.0,2.0,1.0,1.0,0.0,2.0,4.0,0.0,90,,4.0,1.0,0.0,0.0
"Symes, Brad",2009,R18,adelaide,GE,12.0,5.0,7.0,0.0,0.0,5.0,1.0,1.0,4.0,9.0,4.0,0.0,0.0,0.0,1.0,2.0,1.0,1.0,71,,3.0,3.0,0.0,0.0
"Thompson, Scott",2009,R18,adelaide,GE,17.0,7.0,10.0,0.0,0.0,1.0,4.0,7.0,7.0,9.0,0.0,0.0,0.0,0.0,2.0,0.0,1.0,0.0,78,,3.0,1.0,0.0,0.0
"Tippett, Kurt",2009,R18,adelaide,GE,14.0,9.0,5.0,4.0,1.0,2.0,6.0,2.0,12.0,2.0,10.0,0.0,1.0,0.0,2.0,0.0,2.0,0.0,98,,1.0,2.0,0.0,0.0
"Vince, Bernie",2009,R18,adelaide,GE,26.0,13.0,13.0,0.0,1.0,4.0,3.0,3.0,5.0,20.0,0.0,0.0,0.0,0.0,2.0,1.0,3.0,2.0,76,,2.0,2.0,1.0,0.0
"Walker, Taylor",2009,R18,adelaide,GE,,,,,,,,,,,,,,,,,,,,,,,,
"van Berlo, Nathan",2009,R18,adelaide,GE,27.0,10.0,17.0,0.0,0.0,6.0,0.0,0.0,5.0,22.0,0.0,0.0,0.0,0.0,1.0,1.0,0.0,3.0,96,,1.0,3.0,7.0,0.0
"Bock, Nathan",2009,R19,adelaide,CW,,,,,,,,,,,,,,,,,,,,,,,,
"Burton, Brett",2009,R19,adelaide,CW,7.0,6.0,1.0,1.0,1.0,2.0,0.0,0.0,4.0,3.0,0.0,1.0,1.0,0.0,1.0,0.0,2.0,0.0,55,,2.0,0.0,0.0,0.0
"Cook, Myke",2009,R19,adelaide,CW,,,,,,,,,,,,,,,,,,,,,,,,
"Dangerfield, Patrick",2009,R19,adelaide,CW,,,,,,,,,,,,,,,,,,,,,,,,
"Doughty, Michael",2009,R19,adelaide,CW,19.0,11.0,8.0,0.0,0.0,2.0,0.0,0.0,3.0,16.0,0.0,0.0,0.0,0.0,2.0,0.0,2.0,3.0,89,,1.0,1.0,0.0,0.0
"Douglas, Richard",2009,R19,adelaide,CW,16.0,9.0,7.0,0.0,2.0,5.0,0.0,2.0,5.0,12.0,0.0,0.0,0.0,0.0,1.0,0.0,3.0,0.0,74,,0.0,0.0,1.0,0.0
"Edwards, Tyson",2009,R19,adelaide,CW,29.0,13.0,16.0,0.0,0.0,6.0,3.0,3.0,8.0,21.0,0.0,1.0,0.0,2.0,0.0,1.0,2.0,3.0,77,,3.0,1.0,1.0,0.0
"Gill, Nick",2009,R19,adelaide,CW,,,,,,,,,,,,,,,,,,,,,,,,
"Goodwin, Simon",2009,R19,adelaide,CW,34.0,10.0,24.0,0.0,0.0,10.0,0.0,0.0,7.0,26.0,0.0,2.0,0.0,0.0,2.0,0.0,3.0,1.0,97,,3.0,2.0,4.0,0.0
"Griffin, Jonathon",2009,R19,adelaide,CW,,,,,,,,,,,,,,,,,,,,,,,,
"Hentschel, Trent",2009,R19,adelaide,CW,,,,,,,,,,,,,,,,,,,,,,,,
"Johncock, Graham",2009,R19,adelaide,CW,15.0,4.0,11.0,0.0,0.0,5.0,0.0,2.0,2.0,13.0,0.0,0.0,0.0,0.0,0.0,0.0,0.0,1.0,91,,1.0,6.0,3.0,0.0
"Knights, Chris",2009,R19,adelaide,CW,11.0,5.0,6.0,2.0,2.0,1.0,0.0,4.0,1.0,10.0,0.0,0.0,0.0,0.0,0.0,2.0,3.0,0.0,89,,2.0,0.0,2.0,0.0
"Mackay, David",2009,R19,adelaide,CW,,,,,,,,,,,,,,,,,,,,,,,,
"Maric, Ivan",2009,R19,adelaide,CW,12.0,2.0,10.0,0.0,0.0,1.0,1.0,1.0,6.0,6.0,13.0,0.0,0.0,0.0,0.0,3.0,0.0,0.0,61,,3.0,3.0,0.0,0.0
"Martin, Brodie",2009,R19,adelaide,CW,,,,,,,,,,,,,,,,,,,,,,,,
"McKernan, Shaun",2009,R19,adelaide,CW,,,,,,,,,,,,,,,,,,,,,,,,
"McLeod, Andrew",2009,R19,adelaide,CW,31.0,20.0,11.0,1.0,0.0,5.0,1.0,2.0,6.0,24.0,0.0,0.0,0.0,0.0,0.0,0.0,7.0,3.0,89,,3.0,0.0,1.0,3.0
"Moran, Brad",2009,R19,adelaide,CW,,,,,,,,,,,,,,,,,,,,,,,,
"Otten, Andy",2009,R19,adelaide,CW,16.0,5.0,11.0,0.0,0.0,4.0,0.0,0.0,1.0,15.0,0.0,1.0,0.0,0.0,0.0,0.0,2.0,1.0,91,,2.0,4.0,1.0,0.0
"Petrenko, Jared",2009,R19,adelaide,CW,,,,,,,,,,,,,,,,,,,,,,,,
"Porplyzia, Jason",2009,R19,adelaide,CW,16.0,11.0,5.0,3.0,2.0,6.0,3.0,3.0,12.0,4.0,0.0,2.0,3.0,0.0,1.0,0.0,6.0,0.0,95,,1.0,1.0,1.0,1.0
"Reilly, Brent",2009,R19,adelaide,CW,21.0,16.0,5.0,0.0,1.0,9.0,0.0,1.0,1.0,22.0,0.0,0.0,0.0,0.0,0.0,0.0,6.0,1.0,79,,1.0,0.0,6.0,0.0
"Rutten, Ben",2009,R19,adelaide,CW,19.0,5.0,14.0,0.0,0.0,9.0,0.0,2.0,2.0,17.0,0.0,1.0,0.0,0.0,0.0,0.0,0.0,0.0,100,,0.0,0.0,0.0,0.0
"Sellar, James",2009,R19,adelaide,CW,9.0,3.0,6.0,0.0,0.0,1.0,0.0,1.0,1.0,8.0,9.0,0.0,0.0,0.0,1.0,1.0,3.0,0.0,46,,1.0,2.0,0.0,0.0
"Shirley, Robert",2009,R19,adelaide,CW,15.0,5.0,10.0,0.0,0.0,1.0,0.0,3.0,4.0,10.0,1.0,0.0,0.0,0.0,0.0,0.0,2.0,1.0,87,,1.0,7.0,0.0,0.0
"Sloane, Rory",2009,R19,adelaide,CW,,,,,,,,,,,,,,,,,,,,,,,,
"Stevens, Scott",2009,R19,adelaide,CW,27.0,13.0,14.0,0.0,0.0,6.0,3.0,3.0,9.0,18.0,0.0,0.0,0.0,0.0,3.0,0.0,1.0,2.0,100,,4.0,5.0,6.0,0.0
"Symes, Brad",2009,R19,adelaide,CW,30.0,15.0,15.0,1.0,1.0,10.0,3.0,5.0,8.0,23.0,1.0,1.0,0.0,0.0,0.0,1.0,6.0,2.0,82,,2.0,2.0,0.0,0.0
"Thompson, Scott",2009,R19,adelaide,CW,35.0,9.0,26.0,0.0,2.0,7.0,5.0,1.0,12.0,23.0,0.0,1.0,1.0,1.0,0.0,0.0,3.0,4.0,76,,2.0,2.0,0.0,0.0
"Tippett, Kurt",2009,R19,adelaide,CW,12.0,5.0,7.0,1.0,2.0,5.0,0.0,1.0,7.0,5.0,10.0,2.0,3.0,1.0,1.0,1.0,1.0,0.0,92,,2.0,1.0,0.0,0.0
"Vince, Bernie",2009,R19,adelaide,CW,33.0,16.0,17.0,0.0,0.0,3.0,8.0,3.0,13.0,20.0,0.0,0.0,0.0,0.0,0.0,0.0,3.0,4.0,74,,3.0,1.0,0.0,0.0
"Walker, Taylor",2009,R19,adelaide,CW,4.0,3.0,1.0,0.0,0.0,2.0,0.0,0.0,1.0,3.0,0.0,0.0,0.0,0.0,0.0,2.0,1.0,0.0,77,,3.0,1.0,0.0,0.0
"van Berlo, Nathan",2009,R19,adelaide,CW,29.0,9.0,20.0,0.0,0.0,6.0,0.0,2.0,7.0,22.0,0.0,2.0,0.0,2.0,2.0,0.0,1.0,0.0,80,,0.0,2.0,0.0,0.0
"Bock, Nathan",2009,R20,adelaide,HW,,,,,,,,,,,,,,,,,,,,,,,,
"Burton, Brett",2009,R20,adelaide,HW,,,,,,,,,,,,,,,,,,,,,,,,
"Cook, Myke",2009,R20,adelaide,HW,,,,,,,,,,,,,,,,,,,,,,,,
"Dangerfield, Patrick",2009,R20,adelaide,HW,,,,,,,,,,,,,,,,,,,,,,,,
"Doughty, Michael",2009,R20,adelaide,HW,24.0,12.0,12.0,1.0,0.0,7.0,1.0,4.0,5.0,15.0,1.0,0.0,0.0,0.0,2.0,0.0,3.0,5.0,86,,0.0,3.0,1.0,0.0
"Douglas, Richard",2009,R20,adelaide,HW,15.0,11.0,4.0,1.0,3.0,6.0,0.0,8.0,4.0,11.0,0.0,0.0,3.0,1.0,1.0,1.0,4.0,0.0,87,,4.0,0.0,0.0,0.0
"Edwards, Tyson",2009,R20,adelaide,HW,23.0,12.0,11.0,0.0,1.0,8.0,1.0,4.0,7.0,16.0,0.0,0.0,0.0,0.0,1.0,0.0,1.0,1.0,70,,0.0,0.0,4.0,0.0
"Gill, Nick",2009,R20,adelaide,HW,,,,,,,,,,,,,,,,,,,,,,,,
"Goodwin, Simon",2009,R20,adelaide,HW,21.0,5.0,16.0,0.0,0.0,4.0,0.0,2.0,4.0,17.0,0.0,0.0,0.0,0.0,0.0,0.0,2.0,2.0,92,,0.0,0.0,0.0,0.0
"Griffin, Jonathon",2009,R20,adelaide,HW,,,,,,,,,,,,,,,,,,,,,,,,
"Hentschel, Trent",2009,R20,adelaide,HW,14.0,10.0,4.0,4.0,1.0,6.0,1.0,1.0,5.0,7.0,0.0,1.0,4.0,1.0,0.0,0.0,1.0,0.0,92,,0.0,0.0,1.0,0.0
"Johncock, Graham",2009,R20,adelaide,HW,23.0,10.0,13.0,0.0,0.0,8.0,0.0,2.0,4.0,20.0,0.0,0.0,0.0,0.0,1.0,1.0,0.0,0.0,89,,4.0,1.0,2.0,0.0
"Knights, Chris",2009,R20,adelaide,HW,16.0,8.0,8.0,1.0,0.0,5.0,1.0,3.0,7.0,10.0,0.0,1.0,3.0,0.0,0.0,2.0,0.0,1.0,92,,2.0,2.0,0.0,0.0
"Mackay, David",2009,R20,adelaide,HW,,,,,,,,,,,,,,,,,,,,,,,,
"Maric, Ivan",2009,R20,adelaide,HW,13.0,5.0,8.0,0.0,0.0,6.0,4.0,4.0,7.0,6.0,17.0,2.0,0.0,0.0,2.0,1.0,2.0,1.0,59,,1.0,1.0,0.0,0.0
"Martin, Brodie",2009,R20,adelaide,HW,,,,,,,,,,,,,,,,,,,,,,,,
"McKernan, Shaun",2009,R20,adelaide,HW,,,,,,,,,,,,,,,,,,,,,,,,
"McLeod, Andrew",2009,R20,adelaide,HW,26.0,18.0,8.0,0.0,3.0,2.0,2.0,5.0,7.0,19.0,0.0,1.0,1.0,2.0,0.0,4.0,6.0,2.0,79,,5.0,1.0,0.0,2.0
"Moran, Brad",2009,R20,adelaide,HW,,,,,,,,,,,,,,,,,,,,,,,,
"Otten, Andy",2009,R20,adelaide,HW,14.0,5.0,9.0,0.0,0.0,3.0,1.0,3.0,4.0,10.0,0.0,1.0,0.0,0.0,1.0,0.0,1.0,0.0,96,,1.0,3.0,0.0,0.0
"Petrenko, Jared",2009,R20,adelaide,HW,,,,,,,,,,,,,,,,,,,,,,,,
"Porplyzia, Jason",2009,R20,adelaide,HW,11.0,7.0,4.0,2.0,0.0,5.0,0.0,4.0,3.0,8.0,0.0,1.0,3.0,0.0,0.0,2.0,3.0,0.0,90,,3.0,1.0,0.0,0.0
"Reilly, Brent",2009,R20,adelaide,HW,23.0,14.0,9.0,0.0,0.0,6.0,2.0,6.0,7.0,16.0,0.0,0.0,1.0,0.0,3.0,0.0,4.0,1.0,81,,1.0,1.0,0.0,0.0
"Rutten, Ben",2009,R20,adelaide,HW,13.0,8.0,5.0,0.0,0.0,5.0,0.0,0.0,1.0,12.0,0.0,1.0,0.0,0.0,0.0,1.0,1.0,4.0,100,,1.0,4.0,0.0,1.0
"Sellar, James",2009,R20,adelaide,HW,6.0,2.0,4.0,0.0,1.0,3.0,0.0,3.0,1.0,5.0,15.0,0.0,0.0,0.0,0.0,4.0,1.0,0.0,44,,4.0,1.0,1.0,0.0
"Shirley, Robert",2009,R20,adelaide,HW,6.0,4.0,2.0,0.0,1.0,2.0,0.0,3.0,1.0,5.0,0.0,0.0,0.0,0.0,0.0,1.0,1.0,0.0,79,,1.0,4.0,0.0,0.0
"Sloane, Rory",2009,R20,adelaide,HW,6.0,0.0,6.0,0.0,0.0,1.0,1.0,7.0,1.0,5.0,0.0,0.0,0.0,0.0,0.0,1.0,0.0,0.0,36,,1.0,1.0,0.0,0.0
"Stevens, Scott",2009,R20,adelaide,HW,21.0,13.0,8.0,0.0,0.0,6.0,0.0,1.0,8.0,13.0,0.0,2.0,0.0,1.0,2.0,1.0,3.0,5.0,100,,1.0,2.0,2.0,0.0
"Symes, Brad",2009,R20,adelaide,HW,19.0,12.0,7.0,0.0,2.0,5.0,1.0,5.0,4.0,16.0,1.0,1.0,0.0,1.0,0.0,2.0,5.0,1.0,78,,2.0,2.0,2.0,0.0
"Thompson, Scott",2009,R20,adelaide,HW,19.0,11.0,8.0,2.0,0.0,7.0,3.0,3.0,7.0,12.0,0.0,1.0,1.0,0.0,0.0,0.0,2.0,1.0,85,,3.0,0.0,0.0,0.0
"Tippett, Kurt",2009,R20,adelaide,HW,10.0,7.0,3.0,1.0,1.0,2.0,1.0,1.0,7.0,3.0,3.0,1.0,2.0,1.0,2.0,3.0,2.0,0.0,100,,5.0,0.0,0.0,0.0
"Vince, Bernie",2009,R20,adelaide,HW,33.0,10.0,23.0,1.0,1.0,9.0,6.0,4.0,10.0,25.0,0.0,0.0,1.0,0.0,1.0,2.0,2.0,1.0,75,,2.0,2.0,1.0,3.0
"Walker, Taylor",2009,R20,adelaide,HW,,,,,,,,,,,,,,,,,,,,,,,,
"van Berlo, Nathan",2009,R20,adelaide,HW,18.0,7.0,11.0,0.0,0.0,2.0,1.0,7.0,6.0,11.0,1.0,1.0,0.0,0.0,1.0,3.0,2.0,0.0,89,,4.0,1.0,0.0,0.0
"Bock, Nathan",2009,R21,adelaide,WC,,,,,,,,,,,,,,,,,,,,,,,,
"Burton, Brett",2009,R21,adelaide,WC,,,,,,,,,,,,,,,,,,,,,,,,
"Cook, Myke",2009,R21,adelaide,WC,,,,,,,,,,,,,,,,,,,,,,,,
"Dangerfield, Patrick",2009,R21,adelaide,WC,,,,,,,,,,,,,,,,,,,,,,,,
"Doughty, Michael",2009,R21,adelaide,WC,37.0,15.0,22.0,0.0,0.0,6.0,1.0,4.0,4.0,33.0,0.0,0.0,0.0,1.0,1.0,0.0,5.0,2.0,94,,1.0,9.0,0.0,2.0
"Douglas, Richard",2009,R21,adelaide,WC,15.0,8.0,7.0,2.0,0.0,3.0,1.0,5.0,2.0,13.0,0.0,0.0,1.0,1.0,0.0,0.0,2.0,0.0,90,,1.0,1.0,3.0,0.0
"Edwards, Tyson",2009,R21,adelaide,WC,33.0,13.0,20.0,0.0,0.0,4.0,3.0,3.0,12.0,22.0,0.0,0.0,1.0,2.0,1.0,1.0,4.0,1.0,80,,4.0,0.0,1.0,0.0
"Gill, Nick",2009,R21,adelaide,WC,,,,,,,,,,,,,,,,,,,,,,,,
"Goodwin, Simon",2009,R21,adelaide,WC,37.0,15.0,22.0,0.0,0.0,8.0,1.0,2.0,3.0,33.0,0.0,1.0,0.0,2.0,1.0,0.0,5.0,1.0,90,,0.0,3.0,2.0,3.0
"Griffin, Jonathon",2009,R21,adelaide,WC,,,,,,,,,,,,,,,,,,,,,,,,
"Hentschel, Trent",2009,R21,adelaide,WC,10.0,6.0,4.0,2.0,1.0,3.0,1.0,1.0,4.0,6.0,0.0,1.0,2.0,0.0,1.0,1.0,2.0,0.0,81,,1.0,2.0,0.0,0.0
"Johncock, Graham",2009,R21,adelaide,WC,27.0,12.0,15.0,0.0,0.0,8.0,0.0,0.0,6.0,21.0,0.0,0.0,0.0,0.0,0.0,0.0,3.0,2.0,92,,0.0,1.0,3.0,0.0
"Knights, Chris",2009,R21,adelaide,WC,25.0,12.0,13.0,2.0,3.0,5.0,1.0,3.0,8.0,18.0,0.0,3.0,2.0,0.0,1.0,1.0,5.0,0.0,84,,2.0,1.0,2.0,0.0
"Mackay, David",2009,R21,adelaide,WC,19.0,5.0,14.0,0.0,0.0,3.0,3.0,2.0,4.0,15.0,0.0,0.0,0.0,1.0,0.0,0.0,2.0,0.0,70,,0.0,1.0,2.0,0.0
"Maric, Ivan",2009,R21,adelaide,WC,10.0,5.0,5.0,2.0,0.0,4.0,2.0,6.0,6.0,4.0,15.0,3.0,2.0,0.0,3.0,2.0,0.0,0.0,81,,2.0,1.0,0.0,0.0
"Martin, Brodie",2009,R21,adelaide,WC,,,,,,,,,,,,,,,,,,,,,,,,
"McKernan, Shaun",2009,R21,adelaide,WC,,,,,,,,,,,,,,,,,,,,,,,,
"McLeod, Andrew",2009,R21,adelaide,WC,26.0,12.0,14.0,0.0,1.0,3.0,1.0,5.0,3.0,24.0,0.0,0.0,0.0,1.0,1.0,1.0,7.0,1.0,86,,3.0,2.0,3.0,0.0
"Moran, Brad",2009,R21,adelaide,WC,,,,,,,,,,,,,,,,,,,,,,,,
"Otten, Andy",2009,R21,adelaide,WC,30.0,6.0,24.0,0.0,1.0,6.0,0.0,0.0,4.0,27.0,0.0,0.0,0.0,0.0,1.0,0.0,2.0,2.0,94,,2.0,5.0,6.0,0.0
"Petrenko, Jared",2009,R21,adelaide,WC,,,,,,,,,,,,,,,,,,,,,,,,
"Porplyzia, Jason",2009,R21,adelaide,WC,13.0,9.0,4.0,6.0,1.0,2.0,0.0,4.0,9.0,4.0,0.0,1.0,2.0,1.0,0.0,1.0,1.0,0.0,90,,1.0,1.0,0.0,1.0
"Reilly, Brent",2009,R21,adelaide,WC,23.0,10.0,13.0,0.0,1.0,4.0,1.0,5.0,4.0,19.0,0.0,0.0,0.0,0.0,1.0,1.0,2.0,1.0,74,,2.0,0.0,0.0,0.0
"Rutten, Ben",2009,R21,adelaide,WC,18.0,9.0,9.0,1.0,0.0,6.0,0.0,3.0,3.0,15.0,0.0,1.0,0.0,0.0,1.0,1.0,1.0,3.0,100,,1.0,5.0,0.0,0.0
"Sellar, James",2009,R21,adelaide,WC,11.0,2.0,9.0,0.0,0.0,2.0,0.0,2.0,1.0,10.0,3.0,0.0,0.0,0.0,0.0,1.0,1.0,0.0,59,,2.0,4.0,0.0,0.0
"Shirley, Robert",2009,R21,adelaide,WC,10.0,1.0,9.0,0.0,0.0,0.0,0.0,3.0,2.0,8.0,2.0,0.0,0.0,0.0,0.0,1.0,0.0,0.0,42,,1.0,1.0,0.0,0.0
"Sloane, Rory",2009,R21,adelaide,WC,,,,,,,,,,,,,,,,,,,,,,,,
"Stevens, Scott",2009,R21,adelaide,WC,22.0,11.0,11.0,0.0,0.0,8.0,0.0,1.0,1.0,21.0,0.0,0.0,0.0,1.0,0.0,0.0,2.0,3.0,100,,0.0,4.0,3.0,0.0
"Symes, Brad",2009,R21,adelaide,WC,27.0,7.0,20.0,0.0,0.0,4.0,1.0,7.0,8.0,19.0,1.0,0.0,0.0,0.0,0.0,1.0,2.0,3.0,77,,2.0,0.0,0.0,0.0
"Thompson, Scott",2009,R21,adelaide,WC,26.0,13.0,13.0,2.0,1.0,9.0,2.0,5.0,6.0,20.0,0.0,1.0,1.0,0.0,2.0,0.0,5.0,0.0,67,,1.0,0.0,0.0,0.0
"Tippett, Kurt",2009,R21,adelaide,WC,9.0,5.0,4.0,1.0,1.0,1.0,1.0,1.0,6.0,3.0,8.0,0.0,1.0,2.0,2.0,3.0,1.0,0.0,88,,3.0,3.0,0.0,0.0
"Vince, Bernie",2009,R21,adelaide,WC,34.0,15.0,19.0,0.0,0.0,4.0,8.0,6.0,13.0,20.0,0.0,1.0,0.0,0.0,0.0,1.0,3.0,0.0,72,,2.0,2.0,0.0,0.0
"Walker, Taylor",2009,R21,adelaide,WC,,,,,,,,,,,,,,,,,,,,,,,,
"van Berlo, Nathan",2009,R21,adelaide,WC,31.0,5.0,26.0,0.0,1.0,2.0,4.0,5.0,13.0,19.0,0.0,0.0,0.0,0.0,1.0,1.0,2.0,2.0,88,,1.0,1.0,0.0,0.0
"Bock, Nathan",2009,R22,adelaide,CA,,,,,,,,,,,,,,,,,,,,,,,,
"Burton, Brett",2009,R22,adelaide,CA,6.0,4.0,2.0,2.0,1.0,3.0,1.0,1.0,3.0,3.0,0.0,1.0,2.0,0.0,1.0,0.0,0.0,0.0,66,,1.0,0.0,0.0,0.0
"Cook, Myke",2009,R22,adelaide,CA,,,,,,,,,,,,,,,,,,,,,,,,
"Dangerfield, Patrick",2009,R22,adelaide,CA,14.0,5.0,9.0,2.0,0.0,4.0,2.0,4.0,5.0,9.0,0.0,0.0,2.0,1.0,1.0,0.0,2.0,0.0,69,,2.0,2.0,0.0,0.0
"Doughty, Michael",2009,R22,adelaide,CA,19.0,10.0,9.0,0.0,0.0,3.0,1.0,4.0,7.0,12.0,1.0,0.0,0.0,0.0,2.0,0.0,2.0,1.0,86,,2.0,1.0,0.0,0.0
"Douglas, Richard",2009,R22,adelaide,CA,,,,,,,,,,,,,,,,,,,,,,,,
"Edwards, Tyson",2009,R22,adelaide,CA,24.0,13.0,11.0,0.0,0.0,5.0,2.0,2.0,9.0,16.0,0.0,0.0,0.0,2.0,0.0,3.0,5.0,4.0,81,,4.0,0.0,3.0,0.0
"Gill, Nick",2009,R22,adelaide,CA,,,,,,,,,,,,,,,,,,,,,,,,
"Goodwin, Simon",2009,R22,adelaide,CA,25.0,9.0,16.0,1.0,0.0,4.0,1.0,1.0,4.0,20.0,0.0,0.0,0.0,0.0,0.0,1.0,7.0,1.0,100,,1.0,5.0,1.0,0.0
"Griffin, Jonathon",2009,R22,adelaide,CA,,,,,,,,,,,,,,,,,,,,,,,,
"Hentschel, Trent",2009,R22,adelaide,CA,15.0,11.0,4.0,2.0,3.0,0.0,1.0,3.0,9.0,6.0,0.0,0.0,0.0,1.0,2.0,0.0,2.0,2.0,88,,3.0,2.0,0.0,0.0
"Johncock, Graham",2009,R22,adelaide,CA,27.0,19.0,8.0,0.0,0.0,6.0,0.0,1.0,6.0,22.0,0.0,0.0,0.0,0.0,2.0,1.0,0.0,5.0,97,,2.0,4.0,3.0,0.0
"Knights, Chris",2009,R22,adelaide,CA,14.0,8.0,6.0,4.0,2.0,2.0,3.0,3.0,9.0,5.0,0.0,0.0,2.0,1.0,0.0,0.0,1.0,0.0,85,,2.0,0.0,0.0,1.0
"Mackay, David",2009,R22,adelaide,CA,20.0,9.0,11.0,1.0,0.0,4.0,4.0,2.0,7.0,13.0,0.0,0.0,1.0,1.0,1.0,1.0,5.0,0.0,74,,1.0,2.0,4.0,0.0
"Maric, Ivan",2009,R22,adelaide,CA,9.0,4.0,5.0,0.0,0.0,2.0,2.0,3.0,7.0,1.0,22.0,2.0,0.0,1.0,1.0,4.0,3.0,1.0,67,,7.0,5.0,0.0,0.0
"Martin, Brodie",2009,R22,adelaide,CA,,,,,,,,,,,,,,,,,,,,,,,,
"McKernan, Shaun",2009,R22,adelaide,CA,,,,,,,,,,,,,,,,,,,,,,,,
"McLeod, Andrew",2009,R22,adelaide,CA,31.0,17.0,14.0,1.0,0.0,6.0,2.0,5.0,7.0,24.0,0.0,0.0,0.0,3.0,1.0,1.0,7.0,4.0,87,,2.0,0.0,2.0,2.0
"Moran, Brad",2009,R22,adelaide,CA,,,,,,,,,,,,,,,,,,,,,,,,
"Otten, Andy",2009,R22,adelaide,CA,19.0,8.0,11.0,0.0,0.0,7.0,0.0,3.0,5.0,14.0,0.0,2.0,0.0,0.0,0.0,1.0,3.0,0.0,98,,1.0,3.0,0.0,0.0
"Petrenko, Jared",2009,R22,adelaide,CA,,,,,,,,,,,,,,,,,,,,,,,,
"Porplyzia, Jason",2009,R22,adelaide,CA,19.0,11.0,8.0,4.0,3.0,3.0,3.0,2.0,12.0,7.0,0.0,0.0,1.0,2.0,0.0,1.0,6.0,0.0,97,,2.0,3.0,0.0,0.0
"Reilly, Brent",2009,R22,adelaide,CA,7.0,3.0,4.0,0.0,0.0,2.0,0.0,2.0,2.0,5.0,0.0,0.0,0.0,0.0,0.0,0.0,1.0,1.0,90,,0.0,0.0,0.0,0.0
"Rutten, Ben",2009,R22,adelaide,CA,10.0,5.0,5.0,0.0,0.0,5.0,0.0,0.0,1.0,9.0,0.0,0.0,0.0,0.0,0.0,0.0,0.0,4.0,100,,0.0,8.0,0.0,0.0
"Sellar, James",2009,R22,adelaide,CA,19.0,4.0,15.0,1.0,0.0,4.0,2.0,1.0,7.0,12.0,5.0,1.0,1.0,0.0,1.0,0.0,2.0,1.0,51,,1.0,2.0,0.0,0.0
"Shirley, Robert",2009,R22,adelaide,CA,,,,,,,,,,,,,,,,,,,,,,,,
"Sloane, Rory",2009,R22,adelaide,CA,,,,,,,,,,,,,,,,,,,,,,,,
"Stevens, Scott",2009,R22,adelaide,CA,12.0,6.0,6.0,0.0,0.0,4.0,0.0,4.0,4.0,7.0,0.0,1.0,0.0,0.0,2.0,2.0,1.0,2.0,100,,2.0,3.0,2.0,0.0
"Symes, Brad",2009,R22,adelaide,CA,27.0,9.0,18.0,1.0,0.0,6.0,1.0,4.0,7.0,21.0,2.0,0.0,0.0,3.0,2.0,4.0,4.0,4.0,89,,5.0,4.0,0.0,0.0
"Thompson, Scott",2009,R22,adelaide,CA,28.0,18.0,10.0,1.0,0.0,5.0,8.0,9.0,12.0,17.0,0.0,0.0,1.0,1.0,2.0,2.0,4.0,0.0,84,,4.0,1.0,2.0,0.0
"Tippett, Kurt",2009,R22,adelaide,CA,15.0,9.0,6.0,4.0,3.0,8.0,3.0,2.0,8.0,6.0,3.0,5.0,7.0,1.0,3.0,0.0,1.0,0.0,90,,0.0,1.0,0.0,0.0
"Vince, Bernie",2009,R22,adelaide,CA,34.0,21.0,13.0,3.0,0.0,7.0,3.0,3.0,6.0,28.0,0.0,0.0,2.0,1.0,0.0,2.0,5.0,3.0,81,,4.0,3.0,3.0,3.0
"Walker, Taylor",2009,R22,adelaide,CA,,,,,,,,,,,,,,,,,,,,,,,,
"van Berlo, Nathan",2009,R22,adelaide,CA,6.0,1.0,5.0,0.0,0.0,0.0,2.0,0.0,4.0,2.0,0.0,0.0,0.0,0.0,0.0,1.0,0.0,0.0,18,,1.0,0.0,0.0,0.0
"Bock, Nathan",2009,EF,adelaide,ES,,,,,,,,,,,,,,,,,,,,,,,,
"Burton, Brett",2009,EF,adelaide,ES,10.0,8.0,2.0,3.0,1.0,5.0,1.0,2.0,4.0,6.0,0.0,2.0,4.0,0.0,0.0,2.0,1.0,0.0,69,,2.0,0.0,0.0,0.0
"Cook, Myke",2009,EF,adelaide,ES,,,,,,,,,,,,,,,,,,,,,,,,
"Dangerfield, Patrick",2009,EF,adelaide,ES,11.0,4.0,7.0,2.0,0.0,2.0,3.0,2.0,8.0,4.0,0.0,0.0,2.0,0.0,1.0,1.0,1.0,0.0,75,,1.0,1.0,0.0,0.0
"Doughty, Michael",2009,EF,adelaide,ES,18.0,11.0,7.0,0.0,0.0,4.0,2.0,6.0,4.0,14.0,0.0,0.0,0.0,1.0,0.0,1.0,5.0,1.0,78,,2.0,2.0,0.0,0.0
"Douglas, Richard",2009,EF,adelaide,ES,18.0,8.0,10.0,2.0,1.0,4.0,0.0,2.0,7.0,11.0,0.0,0.0,0.0,0.0,1.0,0.0,4.0,0.0,75,,1.0,1.0,2.0,0.0
"Edwards, Tyson",2009,EF,adelaide,ES,17.0,10.0,7.0,1.0,1.0,2.0,4.0,3.0,8.0,9.0,0.0,0.0,0.0,1.0,1.0,0.0,5.0,0.0,82,,2.0,1.0,1.0,0.0
"Gill, Nick",2009,EF,adelaide,ES,,,,,,,,,,,,,,,,,,,,,,,,
"Goodwin, Simon",2009,EF,adelaide,ES,22.0,9.0,13.0,0.0,0.0,5.0,2.0,4.0,7.0,15.0,0.0,0.0,0.0,1.0,2.0,1.0,2.0,1.0,98,,1.0,1.0,2.0,0.0
"Griffin, Jonathon",2009,EF,adelaide,ES,,,,,,,,,,,,,,,,,,,,,,,,
"Hentschel, Trent",2009,EF,adelaide,ES,14.0,9.0,5.0,1.0,0.0,3.0,1.0,1.0,5.0,9.0,0.0,1.0,0.0,1.0,1.0,0.0,3.0,1.0,87,,1.0,3.0,0.0,0.0
"Johncock, Graham",2009,EF,adelaide,ES,17.0,10.0,7.0,0.0,0.0,4.0,2.0,1.0,7.0,10.0,0.0,0.0,0.0,0.0,1.0,0.0,1.0,3.0,97,,2.0,7.0,1.0,0.0
"Knights, Chris",2009,EF,adelaide,ES,17.0,10.0,7.0,3.0,0.0,5.0,0.0,2.0,4.0,13.0,0.0,0.0,1.0,0.0,1.0,4.0,5.0,0.0,85,,5.0,1.0,0.0,0.0
"Mackay, David",2009,EF,adelaide,ES,19.0,10.0,9.0,1.0,0.0,3.0,2.0,3.0,5.0,13.0,0.0,0.0,0.0,1.0,2.0,1.0,5.0,1.0,78,,2.0,3.0,2.0,0.0
"Maric, Ivan",2009,EF,adelaide,ES,10.0,5.0,5.0,1.0,0.0,4.0,5.0,3.0,6.0,4.0,28.0,0.0,1.0,0.0,4.0,1.0,0.0,1.0,57,,2.0,0.0,2.0,0.0
"Martin, Brodie",2009,EF,adelaide,ES,,,,,,,,,,,,,,,,,,,,,,,,
"McKernan, Shaun",2009,EF,adelaide,ES,,,,,,,,,,,,,,,,,,,,,,,,
"McLeod, Andrew",2009,EF,adelaide,ES,30.0,21.0,9.0,0.0,0.0,9.0,2.0,2.0,9.0,22.0,0.0,1.0,0.0,4.0,1.0,1.0,7.0,3.0,92,,2.0,4.0,0.0,0.0
"Moran, Brad",2009,EF,adelaide,ES,,,,,,,,,,,,,,,,,,,,,,,,
"Otten, Andy",2009,EF,adelaide,ES,19.0,7.0,12.0,0.0,0.0,6.0,0.0,2.0,5.0,14.0,0.0,1.0,0.0,1.0,1.0,0.0,3.0,0.0,98,,0.0,2.0,2.0,0.0
"Petrenko, Jared",2009,EF,adelaide,ES,,,,,,,,,,,,,,,,,,,,,,,,
"Porplyzia, Jason",2009,EF,adelaide,ES,12.0,9.0,3.0,5.0,1.0,6.0,0.0,6.0,8.0,4.0,0.0,3.0,5.0,0.0,2.0,0.0,1.0,0.0,91,,4.0,2.0,0.0,0.0
"Reilly, Brent",2009,EF,adelaide,ES,18.0,14.0,4.0,0.0,1.0,8.0,2.0,3.0,4.0,15.0,0.0,0.0,1.0,3.0,1.0,0.0,3.0,0.0,88,,0.0,1.0,0.0,0.0
"Rutten, Ben",2009,EF,adelaide,ES,15.0,5.0,10.0,0.0,0.0,5.0,0.0,2.0,1.0,14.0,0.0,0.0,0.0,0.0,0.0,1.0,0.0,1.0,100,,1.0,4.0,1.0,0.0
"Sellar, James",2009,EF,adelaide,ES,9.0,4.0,5.0,1.0,0.0,6.0,0.0,0.0,3.0,6.0,17.0,2.0,1.0,0.0,0.0,0.0,2.0,0.0,47,,0.0,0.0,0.0,0.0
"Shirley, Robert",2009,EF,adelaide,ES,,,,,,,,,,,,,,,,,,,,,,,,
"Sloane, Rory",2009,EF,adelaide,ES,,,,,,,,,,,,,,,,,,,,,,,,
"Stevens, Scott",2009,EF,adelaide,ES,15.0,8.0,7.0,0.0,0.0,3.0,0.0,1.0,3.0,11.0,0.0,0.0,0.0,0.0,0.0,0.0,0.0,1.0,86,,0.0,2.0,0.0,0.0
"Symes, Brad",2009,EF,adelaide,ES,23.0,12.0,11.0,0.0,1.0,5.0,3.0,2.0,7.0,15.0,1.0,1.0,0.0,0.0,0.0,0.0,3.0,1.0,80,,1.0,0.0,0.0,0.0
"Thompson, Scott",2009,EF,adelaide,ES,20.0,9.0,11.0,1.0,1.0,4.0,4.0,2.0,7.0,13.0,1.0,0.0,2.0,0.0,3.0,2.0,1.0,1.0,68,,4.0,3.0,2.0,0.0
"Tippett, Kurt",2009,EF,adelaide,ES,11.0,8.0,3.0,4.0,1.0,3.0,1.0,0.0,9.0,2.0,17.0,1.0,3.0,0.0,2.0,1.0,0.0,0.0,92,,3.0,1.0,0.0,0.0
"Vince, Bernie",2009,EF,adelaide,ES,28.0,20.0,8.0,1.0,1.0,5.0,11.0,2.0,16.0,12.0,0.0,0.0,0.0,2.0,3.0,0.0,7.0,3.0,79,,2.0,0.0,2.0,0.0
"Walker, Taylor",2009,EF,adelaide,ES,,,,,,,,,,,,,,,,,,,,,,,,
"van Berlo, Nathan",2009,EF,adelaide,ES,,,,,,,,,,,,,,,,,,,,,,,,
"Bock, Nathan",2009,SF,adelaide,CW,,,,,,,,,,,,,,,,,,,,,,,,
"Burton, Brett",2009,SF,adelaide,CW,11.0,6.0,5.0,1.0,0.0,1.0,0.0,3.0,5.0,6.0,0.0,1.0,1.0,0.0,0.0,1.0,2.0,0.0,80,,2.0,1.0,0.0,0.0
"Cook, Myke",2009,SF,adelaide,CW,,,,,,,,,,,,,,,,,,,,,,,,
"Dangerfield, Patrick",2009,SF,adelaide,CW,16.0,6.0,10.0,2.0,2.0,4.0,0.0,3.0,5.0,11.0,0.0,1.0,1.0,1.0,0.0,0.0,1.0,2.0,79,,0.0,0.0,0.0,0.0
"Doughty, Michael",2009,SF,adelaide,CW,25.0,8.0,17.0,0.0,0.0,7.0,3.0,2.0,8.0,17.0,0.0,0.0,0.0,0.0,0.0,1.0,0.0,3.0,93,,3.0,5.0,1.0,0.0
"Douglas, Richard",2009,SF,adelaide,CW,,,,,,,,,,,,,,,,,,,,,,,,
"Edwards, Tyson",2009,SF,adelaide,CW,29.0,13.0,16.0,0.0,1.0,12.0,5.0,1.0,8.0,21.0,0.0,0.0,0.0,2.0,0.0,2.0,4.0,2.0,80,,6.0,1.0,2.0,0.0
"Gill, Nick",2009,SF,adelaide,CW,,,,,,,,,,,,,,,,,,,,,,,,
"Goodwin, Simon",2009,SF,adelaide,CW,34.0,13.0,21.0,0.0,1.0,5.0,3.0,0.0,10.0,23.0,0.0,1.0,0.0,0.0,1.0,0.0,7.0,2.0,96,,3.0,3.0,0.0,0.0
"Griffin, Jonathon",2009,SF,adelaide,CW,,,,,,,,,,,,,,,,,,,,,,,,
"Hentschel, Trent",2009,SF,adelaide,CW,14.0,9.0,5.0,1.0,0.0,2.0,1.0,4.0,7.0,8.0,0.0,0.0,0.0,0.0,2.0,0.0,3.0,3.0,94,,1.0,2.0,1.0,0.0
"Johncock, Graham",2009,SF,adelaide,CW,28.0,13.0,15.0,0.0,0.0,3.0,1.0,2.0,8.0,19.0,0.0,1.0,0.0,0.0,2.0,0.0,0.0,7.0,94,,1.0,3.0,5.0,0.0
"Knights, Chris",2009,SF,adelaide,CW,7.0,5.0,2.0,1.0,2.0,2.0,0.0,3.0,3.0,4.0,0.0,1.0,1.0,0.0,1.0,0.0,3.0,0.0,35,,0.0,0.0,0.0,0.0
"Mackay, David",2009,SF,adelaide,CW,30.0,14.0,16.0,0.0,2.0,3.0,0.0,2.0,4.0,25.0,1.0,1.0,0.0,1.0,0.0,0.0,5.0,1.0,84,,1.0,3.0,5.0,0.0
"Maric, Ivan",2009,SF,adelaide,CW,10.0,4.0,6.0,0.0,0.0,2.0,1.0,3.0,2.0,8.0,21.0,0.0,0.0,0.0,0.0,0.0,2.0,0.0,71,,2.0,1.0,0.0,0.0
"Martin, Brodie",2009,SF,adelaide,CW,,,,,,,,,,,,,,,,,,,,,,,,
"McKernan, Shaun",2009,SF,adelaide,CW,,,,,,,,,,,,,,,,,,,,,,,,
"McLeod, Andrew",2009,SF,adelaide,CW,18.0,9.0,9.0,0.0,0.0,1.0,3.0,2.0,5.0,14.0,0.0,0.0,0.0,0.0,1.0,1.0,5.0,0.0,87,,3.0,1.0,1.0,0.0
"Moran, Brad",2009,SF,adelaide,CW,,,,,,,,,,,,,,,,,,,,,,,,
"Otten, Andy",2009,SF,adelaide,CW,25.0,7.0,18.0,0.0,0.0,8.0,0.0,0.0,5.0,19.0,0.0,1.0,0.0,0.0,1.0,0.0,3.0,1.0,92,,0.0,7.0,3.0,0.0
"Petrenko, Jared",2009,SF,adelaide,CW,,,,,,,,,,,,,,,,,,,,,,,,
"Porplyzia, Jason",2009,SF,adelaide,CW,20.0,11.0,9.0,0.0,0.0,3.0,3.0,2.0,12.0,8.0,0.0,0.0,0.0,0.0,0.0,0.0,5.0,1.0,94,,1.0,2.0,1.0,0.0
"Reilly, Brent",2009,SF,adelaide,CW,18.0,9.0,9.0,0.0,1.0,2.0,2.0,2.0,5.0,14.0,0.0,0.0,1.0,0.0,0.0,1.0,1.0,1.0,69,,2.0,0.0,0.0,0.0
"Rutten, Ben",2009,SF,adelaide,CW,14.0,6.0,8.0,0.0,0.0,4.0,1.0,1.0,2.0,12.0,0.0,0.0,0.0,0.0,0.0,1.0,1.0,2.0,100,,1.0,5.0,1.0,0.0
"Sellar, James",2009,SF,adelaide,CW,6.0,4.0,2.0,0.0,1.0,2.0,1.0,1.0,2.0,4.0,12.0,0.0,1.0,0.0,1.0,0.0,1.0,0.0,38,,1.0,0.0,0.0,0.0
"Shirley, Robert",2009,SF,adelaide,CW,16.0,3.0,13.0,0.0,0.0,3.0,1.0,1.0,7.0,9.0,0.0,0.0,1.0,0.0,0.0,0.0,1.0,0.0,80,,1.0,2.0,0.0,0.0
"Sloane, Rory",2009,SF,adelaide,CW,,,,,,,,,,,,,,,,,,,,,,,,
"Stevens, Scott",2009,SF,adelaide,CW,27.0,17.0,10.0,0.0,0.0,13.0,1.0,2.0,6.0,23.0,3.0,3.0,0.0,0.0,1.0,2.0,5.0,1.0,100,,5.0,1.0,6.0,0.0
"Symes, Brad",2009,SF,adelaide,CW,28.0,11.0,17.0,0.0,0.0,4.0,1.0,2.0,7.0,21.0,2.0,0.0,0.0,0.0,0.0,1.0,3.0,1.0,77,,1.0,1.0,0.0,0.0
"Thompson, Scott",2009,SF,adelaide,CW,28.0,11.0,17.0,2.0,1.0,8.0,4.0,1.0,10.0,18.0,0.0,1.0,2.0,1.0,1.0,1.0,2.0,1.0,84,,1.0,0.0,0.0,0.0
"Tippett, Kurt",2009,SF,adelaide,CW,8.0,4.0,4.0,4.0,0.0,1.0,0.0,0.0,6.0,2.0,6.0,1.0,0.0,0.0,3.0,0.0,0.0,0.0,95,,0.0,2.0,0.0,0.0
"Vince, Bernie",2009,SF,adelaide,CW,34.0,10.0,24.0,0.0,0.0,5.0,3.0,1.0,9.0,24.0,0.0,0.0,1.0,0.0,1.0,1.0,1.0,4.0,78,,4.0,2.0,2.0,0.0
"Walker, Taylor",2009,SF,adelaide,CW,,,,,,,,,,,,,,,,,,,,,,,,
"van Berlo, Nathan",2009,SF,adelaide,CW,,,,,,,,,,,,,,,,,,,,,,,,
